customer_id,name,region,last_order_date,days_inactive,churn_status,order_count
80,Lisa Mcclain,Middle East,2022-09-08,1431,Churned - Long Term,1
616,Kimberly Carr,Middle East,2022-09-09,1430,Churned - Long Term,1
696,Amy Thompson,Middle East,2022-09-24,1415,Churned - Long Term,1
566,Ashley Thompson,Europe,2022-10-02,1407,Churned - Long Term,1
219,Gregory Mejia,Africa,2022-10-16,1393,Churned - Long Term,1
768,Kelli Warren,Europe,2022-10-30,1379,Churned - Long Term,1
750,Jordan Dunn,Asia Pacific,2022-11-02,1376,Churned - Long Term,1
235,Chris Richard,Asia Pacific,2022-12-16,1332,Churned - Long Term,1
355,Scott Fernandez,South America,2022-12-17,1331,Churned - Long Term,1
738,Jeffrey Haynes,North America,2022-12-24,1324,Churned - Long Term,1
321,John Williams,Asia Pacific,2022-12-29,1319,Churned - Long Term,1
748,Gregory Bray,Europe,2023-01-09,1308,Churned - Long Term,1
572,Evelyn Wells,North America,2023-01-11,1306,Churned - Long Term,2
45,Emily Evans,Asia Pacific,2023-01-26,1291,Churned - Long Term,2
790,Unknown Customer,Middle East,2023-02-01,1285,Churned - Long Term,1
470,David Valenciañ,South America,2023-02-05,1281,Churned - Long Term,1
527,Nicholas Gross,South America,2023-02-12,1274,Churned - Long Term,1
342,Erin Love,Europe,2023-02-16,1270,Churned - Long Term,1
386,Ariel Hodge,Europe,2023-02-18,1268,Churned - Long Term,2
21,Unknown Customer,North America,2023-03-06,1252,Churned - Long Term,2
587,Victoria Cooper,Africa,2023-03-07,1251,Churned - Long Term,2
266,Danielle Moody,Asia Pacific,2023-03-11,1247,Churned - Long Term,1
784,David Gonzales,North America,2023-03-13,1245,Churned - Long Term,2
557,Justin Nichols,Asia Pacific,2023-03-14,1244,Churned - Long Term,1
771,Michelle Nguyen,Africa,2023-03-19,1239,Churned - Long Term,2
428,Michelle Rose,Asia Pacific,2023-03-20,1238,Churned - Long Term,1
126,Charles Martin,Middle East,2023-04-02,1225,Churned - Long Term,3
507,David Stein,Middle East,2023-04-04,1223,Churned - Long Term,1
575,William Bates,Africa,2023-04-09,1218,Churned - Long Term,1
275,Valerie Contreras,Africa,2023-04-20,1207,Churned - Long Term,2
150,Eric Harrison,Africa,2023-04-24,1203,Churned - Long Term,1
100,Melissa Burke,Europe,2023-05-01,1196,Churned - Long Term,1
780,Kathy Kent,Asia Pacific,2023-05-03,1194,Churned - Long Term,1
452,Mallory Simpson,Africa,2023-05-09,1188,Churned - Long Term,2
469,Victor Wheeler,Europe,2023-05-09,1188,Churned - Long Term,3
732,Jessica Hansen,South America,2023-05-21,1176,Churned - Long Term,2
334,Sean Adams,Asia Pacific,2023-05-25,1172,Churned - Long Term,2
472,Jose Williams,North America,2023-06-04,1162,Churned - Long Term,2
338,Vanessa Brooks,Middle East,2023-06-11,1155,Churned - Long Term,1
94,Brett Crane,North America,2023-06-17,1149,Churned - Long Term,2
764,Denise Page,Asia Pacific,2023-06-19,1147,Churned - Long Term,1
262,Tyler Jimenez,Middle East,2023-06-20,1146,Churned - Long Term,1
281,Erin Cooper,Middle East,2023-06-21,1145,Churned - Long Term,1
735,Daryl Palmer,Asia Pacific,2023-07-01,1135,Churned - Long Term,1
90,Samantha Hooper,North America,2023-07-03,1133,Churned - Long Term,2
643,Brandi Bender,South America,2023-07-13,1123,Churned - Long Term,1
714,Kayla Bell,Asia Pacific,2023-07-17,1119,Churned - Long Term,2
290,Scott Washington,South America,2023-08-02,1103,Churned - Long Term,2
73,Christine Davis,South America,2023-08-07,1098,Churned - Long Term,2
363,Mark Miller,Europe,2023-08-11,1094,Churned - Long Term,1
685,Kim Tucker,Europe,2023-08-16,1089,Churned - Long Term,4
183,Jesse Schroeder,Middle East,2023-09-02,1072,Churned - Long Term,2
173,Daniel Hall,Europe,2023-09-10,1064,Churned - Long Term,2
640,Kaitlyn Evansñ,North America,2023-09-11,1063,Churned - Long Term,1
258,Bradley Gonzalez,Asia Pacific,2023-09-15,1059,Churned - Long Term,3
642,William Benson,Africa,2023-09-30,1044,Churned - Long Term,3
609,Morgan Phelps,Europe,2023-10-07,1037,Churned - Long Term,1
756,Anna Bradley,North America,2023-10-13,1031,Churned - Long Term,1
107,Lauren Peterson,Unknown,2023-10-14,1030,Churned - Long Term,1
179,Cory Jennings,Asia Pacific,2023-10-16,1028,Churned - Long Term,2
736,Timothy Sanchez,North America,2023-10-19,1025,Churned - Long Term,2
463,Chelsey Martin,North America,2023-10-25,1019,Churned - Long Term,3
377,Jesse Mann,South America,2023-11-03,1010,Churned - Long Term,4
757,Lisa Woods,Europe,2023-11-03,1010,Churned - Long Term,2
576,Justin Cohen,Europe,2023-11-10,1003,Churned - Long Term,2
623,Tara Williams,Africa,2023-11-16,997,Churned - Long Term,2
408,John Bennett,Asia Pacific,2023-11-18,995,Churned - Long Term,2
108,Christopher Cortez,Asia Pacific,2023-11-19,994,Churned - Long Term,2
295,Wendy Owens,Asia Pacific,2023-11-22,991,Churned - Long Term,1
121,Brian Choi,Middle East,2023-11-23,990,Churned - Long Term,1
371,Robert Hart,North America,2023-11-24,989,Churned - Long Term,2
540,Sara Fernandez,Europe,2023-11-26,987,Churned - Long Term,2
11,Jessica Martin,Europe,2023-11-30,983,Churned - Long Term,1
538,Patricia Bush,Asia Pacific,2023-12-01,982,Churned - Long Term,1
325,Audrey Nichols,North America,2023-12-07,976,Churned - Long Term,1
605,Ethan Kelley,South America,2023-12-08,975,Churned - Long Term,3
187,Kimberly Palmer,South America,2023-12-09,974,Churned - Long Term,2
423,Zachary Arnold,Africa,2023-12-11,972,Churned - Long Term,3
268,Kimberly Johnsonğ,North America,2023-12-14,969,Churned - Long Term,2
545,Unknown Customer,Asia Pacific,2023-12-28,955,Churned - Long Term,2
165,John Campos,South America,2023-12-31,952,Churned - Long Term,2
627,Diamond Bryant,North America,2024-01-24,928,Churned - Long Term,3
489,Micheal Bonilla,North America,2024-01-26,926,Churned - Long Term,2
763,Richard Meadows,South America,2024-01-28,924,Churned - Long Term,3
549,Michelle Wells,Middle East,2024-02-04,917,Churned - Long Term,2
294,Lisa Peck,Asia Pacific,2024-02-08,913,Churned - Long Term,2
420,Michael Cooper,Africa,2024-02-13,908,Churned - Long Term,2
274,Shannon Roach,Middle East,2024-02-18,903,Churned - Long Term,3
59,Nicole Johnson,Middle East,2024-03-16,876,Churned - Long Term,2
530,Julie Young,South America,2024-03-18,874,Churned - Long Term,2
429,Brenda Bailey,Africa,2024-03-21,871,Churned - Long Term,2
277,David Harris,Unknown,2024-04-04,857,Churned - Long Term,1
291,Jessica Valencia,Middle East,2024-04-13,848,Churned - Long Term,2
434,Leonard Hayes™,Middle East,2024-04-16,845,Churned - Long Term,2
123,Hannah Harrison,Europe,2024-04-24,837,Churned - Long Term,3
247,Justin Gallegos,North America,2024-04-29,832,Churned - Long Term,5
300,Paul Cole,Unknown,2024-04-29,832,Churned - Long Term,2
581,Gina Little,Middle East,2024-05-13,818,Churned - Long Term,1
624,Christian Wallace,South America,2024-05-13,818,Churned - Long Term,3
278,Angela Wood,North America,2024-05-14,817,Churned - Long Term,3
800,Unknown Customer,South America,2024-05-21,810,Churned - Long Term,1
233,Debbie Henderson,Europe,2024-05-22,809,Churned - Long Term,3
139,Marilyn Jimenez,Africa,2024-05-29,802,Churned - Long Term,3
741,Patricia Adams,Africa,2024-06-03,797,Churned - Long Term,2
677,Eugene Walker,Europe,2024-06-05,795,Churned - Long Term,3
450,Stephanie Murphy,Europe,2024-06-09,791,Churned - Long Term,2
29,Jean Brown,South America,2024-06-10,790,Churned - Long Term,2
177,Eric Perry,Middle East,2024-06-15,785,Churned - Long Term,1
111,Michael Chavez,Africa,2024-06-18,782,Churned - Long Term,2
5,Roberto Ramirez,Middle East,2024-06-24,776,Churned - Long Term,1
297,Carla Cameron,Europe,2024-06-26,774,Churned - Long Term,4
753,Gina Olsen,North America,2024-06-27,773,Churned - Long Term,2
480,Alexandria Baker,North America,2024-06-29,771,Churned - Long Term,1
626,Angela Smith,South America,2024-06-29,771,Churned - Long Term,4
789,James Moss,Asia Pacific,2024-07-03,767,Churned - Long Term,1
238,Erica Young,Africa,2024-07-06,764,Churned - Long Term,2
143,Mary Carpenter,South America,2024-07-21,749,Churned - Long Term,2
264,Donna Parker,Africa,2024-07-22,748,Churned - Long Term,4
506,Lisa Johnson,North America,2024-07-26,744,Churned - Long Term,2
343,Brian Anderson,South America,2024-07-28,742,Churned - Long Term,3
574,Stephen Robinson,South America,2024-08-02,737,Churned - Long Term,3
707,Douglas Aguilar,North America,2024-08-04,735,Churned - Long Term,4
367,David Key,South America,2024-08-07,732,Churned - Long Term,2
514,Paul White,Europe,2024-08-09,730,Churned - Long Term,1
322,Robert Love,Europe,2024-08-12,727,Churned - Long Term,1
248,Christina Bullock,South America,2024-08-13,726,Churned - Long Term,6
12,Gabrielle Cameron,Middle East,2024-08-14,725,Churned - Long Term,4
332,Penny Wilcoxñ,South America,2024-08-16,723,Churned - Long Term,4
515,Unknown Customer,North America,2024-08-16,723,Churned - Long Term,4
467,Jamie Lawson,Asia Pacific,2024-08-17,722,Churned - Long Term,1
754,Melissa Gonzalez,Africa,2024-08-21,718,Churned - Long Term,1
72,Susan Fitzgerald,Asia Pacific,2024-08-22,717,Churned - Long Term,3
474,Amanda Hernandez,Africa,2024-08-23,716,Churned - Long Term,4
22,Amber Osborne,South America,2024-09-05,703,Churned - Long Term,2
794,Kristen Alvarez,Middle East,2024-09-06,702,Churned - Long Term,2
776,Alan Weeks,South America,2024-09-09,699,Churned - Long Term,4
457,Brett Garrett,Africa,2024-09-14,694,Churned - Long Term,1
356,Jim Hendricks,Africa,2024-09-19,689,Churned - Long Term,5
495,Dana Foster,Africa,2024-09-21,687,Churned - Long Term,2
64,Gregory Estes,North America,2024-09-25,683,Churned - Long Term,2
75,Charles Perry,Asia Pacific,2024-09-25,683,Churned - Long Term,3
661,Manuel Moon,North America,2024-09-25,683,Churned - Long Term,4
632,James Martinez,Asia Pacific,2024-09-26,682,Churned - Long Term,1
134,Tara Powell,Middle East,2024-10-01,677,Churned - Long Term,3
633,James Morgan,South America,2024-10-01,677,Churned - Long Term,4
669,Shannon Sullivan,Africa,2024-10-01,677,Churned - Long Term,4
601,Johnny Miles,North America,2024-10-02,676,Churned - Long Term,2
97,Miguel Obrien,Europe,2024-10-07,671,Churned - Long Term,1
497,Mark Chavez,Middle East,2024-10-14,664,Churned - Long Term,1
41,Breanna Shaw,Europe,2024-10-17,661,Churned - Long Term,4
61,Jeffrey Velasquez,Africa,2024-10-19,659,Churned - Long Term,2
398,Curtis Miller,North America,2024-10-21,657,Churned - Long Term,4
639,Tara Chavez,Africa,2024-10-23,655,Churned - Long Term,2
131,Lisa Costa,Africa,2024-10-26,652,Churned - Long Term,3
273,Justin Hendricks,Unknown,2024-10-28,650,Churned - Long Term,1
230,Melissa Brandt,South America,2024-10-29,649,Churned - Long Term,4
349,Nancy Anderson,South America,2024-10-29,649,Churned - Long Term,3
250,David Allen,South America,2024-10-31,647,Churned - Long Term,2
464,Robert Parks,Middle East,2024-11-02,645,Churned - Long Term,1
87,Kenneth Price,Asia Pacific,2024-11-05,642,Churned - Long Term,1
146,Robert Flores,Asia Pacific,2024-11-11,636,Churned - Long Term,2
504,Laura Martinez,South America,2024-11-11,636,Churned - Long Term,2
578,Rachel Trujillo,Africa,2024-11-12,635,Churned - Long Term,1
762,Crystal Thomas,North America,2024-11-13,634,Churned - Long Term,2
293,Brent Dougherty,Europe,2024-11-14,633,Churned - Long Term,2
563,Joseph Butler,North America,2024-11-16,631,Churned - Long Term,1
103,Gregory Boyd,Africa,2024-11-18,629,Churned - Long Term,2
783,Edwin Booker,South America,2024-11-18,629,Churned - Long Term,2
791,David Olson,Asia Pacific,2024-11-23,624,Churned - Long Term,2
216,Matthew Cook,Middle East,2024-11-24,623,Churned - Long Term,2
118,Crystal Brown,South America,2024-11-25,622,Churned - Long Term,2
298,Melanie Jordan,Middle East,2024-11-26,621,Churned - Long Term,2
792,Elizabeth Mcpherson,Europe,2024-11-28,619,Churned - Long Term,5
728,Melissa Galvan,South America,2024-11-29,618,Churned - Long Term,4
416,Deborah Rasmussen,Africa,2024-12-05,612,Churned - Long Term,3
418,Kelsey Chapman,Asia Pacific,2024-12-07,610,Churned - Long Term,4
502,Randy Williams,Asia Pacific,2024-12-08,609,Churned - Long Term,2
127,Holly Bender,North America,2024-12-11,606,Churned - Long Term,2
595,Jessica Carlson,South America,2024-12-11,606,Churned - Long Term,2
53,Tina Martin,Asia Pacific,2024-12-13,604,Churned - Long Term,2
438,Stephen Newton,Europe,2024-12-14,603,Churned - Long Term,1
269,Patrick Bradley,South America,2024-12-17,600,Churned - Long Term,2
228,Paul Schroeder,Middle East,2024-12-21,596,Churned - Long Term,5
83,Joseph Flores,North America,2024-12-23,594,Churned - Long Term,2
471,Gerald Ruiz,Asia Pacific,2024-12-23,594,Churned - Long Term,2
520,Unknown Customer,Europe,2024-12-24,593,Churned - Long Term,5
655,Bill Mcfarland,Europe,2024-12-30,587,Churned - Long Term,2
42,Melissa Jones,Europe,2024-12-31,586,Churned - Long Term,3
318,Loretta Blevins,Africa,2025-01-07,579,Churned - Long Term,4
341,James Herrera,Middle East,2025-01-08,578,Churned - Long Term,2
153,Gabrielle Mitchell,Europe,2025-01-11,575,Churned - Long Term,4
656,Megan Turner,Europe,2025-01-11,575,Churned - Long Term,5
485,Robert Cortez,Europe,2025-01-13,573,Churned - Long Term,3
392,Brian Kim,North America,2025-01-15,571,Churned - Long Term,4
180,Tammy Rush™,South America,2025-01-19,567,Churned - Long Term,2
544,Kristen Ruiz,South America,2025-01-21,565,Churned - Long Term,4
682,Elijah Knight,Africa,2025-01-21,565,Churned - Long Term,3
55,Brandi Hernandez,Middle East,2025-01-22,564,Churned - Long Term,3
594,Wesley Torres,Asia Pacific,2025-01-23,563,Churned - Long Term,4
745,Leslie Villanueva,North America,2025-01-23,563,Churned - Long Term,3
323,Sarah Russell,Africa,2025-01-24,562,Churned - Long Term,2
440,Amy Fritz,Middle East,2025-01-24,562,Churned - Long Term,4
46,Anna Garcia,Europe,2025-01-27,559,Churned - Long Term,2
60,Joseph Cobb,Middle East,2025-01-28,558,Churned - Long Term,3
229,Cameron Davis,Europe,2025-01-29,557,Churned - Long Term,2
379,Adam Arnold,Africa,2025-02-08,547,Churned - Long Term,4
508,Gary Berry,Europe,2025-02-09,546,Churned - Long Term,3
128,Bill Reynolds,North America,2025-02-12,543,Churned - Long Term,5
426,Jason Ramirez,Europe,2025-02-12,543,Churned - Long Term,3
720,Timothy Wood,North America,2025-02-14,541,Churned - Long Term,2
136,Brett Adams,Asia Pacific,2025-02-15,540,Churned - Long Term,1
537,Eugene Jones,Asia Pacific,2025-02-15,540,Churned - Long Term,3
722,Julie Griffin,North America,2025-02-16,539,Churned - Long Term,2
492,Diane Sweeney,Middle East,2025-02-19,536,Churned - Long Term,3
676,Amy Miller,North America,2025-02-19,536,Churned - Long Term,1
66,Jonathan Fletcher,Middle East,2025-02-20,535,Churned - Long Term,5
91,Elizabeth Miller,Asia Pacific,2025-02-23,532,Churned - Long Term,3
782,Unknown Customer,South America,2025-02-25,530,Churned - Long Term,3
320,Maria Nelson,Africa,2025-02-26,529,Churned - Long Term,1
316,Janet Vaughn,Asia Pacific,2025-02-27,528,Churned - Long Term,3
256,Matthew Day,Europe,2025-02-28,527,Churned - Long Term,4
109,Travis Mcguire,Asia Pacific,2025-03-01,526,Churned - Long Term,2
717,Adrian Pena,South America,2025-03-02,525,Churned - Long Term,1
272,Unknown Customer,Africa,2025-03-05,522,Churned - Long Term,3
212,Andrew Morse,Middle East,2025-03-06,521,Churned - Long Term,1
114,Jeremy White,Europe,2025-03-07,520,Churned - Long Term,2
101,Mitchell Hunterğ,South America,2025-03-12,515,Churned - Long Term,3
215,Ryan Morales,Europe,2025-03-13,514,Churned - Long Term,3
555,Alexandra Barnes,Middle East,2025-03-16,511,Churned - Long Term,3
232,Sharon Collins,Asia Pacific,2025-03-17,510,Churned - Long Term,5
308,Diana Stanton,South America,2025-03-17,510,Churned - Long Term,3
391,Martin Campos,North America,2025-03-17,510,Churned - Long Term,3
395,Donna Miller,North America,2025-03-18,509,Churned - Long Term,4
306,Thomas Smith,North America,2025-03-19,508,Churned - Long Term,2
442,Kimberly Youngω,Middle East,2025-03-19,508,Churned - Long Term,3
730,Theresa Miller,Middle East,2025-03-20,507,Churned - Long Term,1
68,Kyle Ortiz,Asia Pacific,2025-03-21,506,Churned - Long Term,3
231,Donald Bailey,Africa,2025-03-22,505,Churned - Long Term,2
348,Shane Starkñ,Africa,2025-03-31,496,Churned - Long Term,2
444,Amanda Carlson,North America,2025-03-31,496,Churned - Long Term,2
708,Gary Jennings,Middle East,2025-03-31,496,Churned - Long Term,2
286,Rachel Morgan,Middle East,2025-04-03,493,Churned - Long Term,2
352,Steven Moore,Europe,2025-04-03,493,Churned - Long Term,3
435,James Cruz,Asia Pacific,2025-04-04,492,Churned - Long Term,5
475,Amanda Myers,North America,2025-04-04,492,Churned - Long Term,3
81,Michelle Coleğ,Asia Pacific,2025-04-08,488,Churned - Long Term,5
313,Ann Bolton,Middle East,2025-04-11,485,Churned - Long Term,3
98,Larry Lane,Africa,2025-04-12,484,Churned - Long Term,3
406,Derek Flores,Africa,2025-04-13,483,Churned - Long Term,3
414,Tanya Miles,Africa,2025-04-13,483,Churned - Long Term,2
648,John Mueller,Asia Pacific,2025-04-13,483,Churned - Long Term,4
7,Unknown Customer,Asia Pacific,2025-04-15,481,Churned - Long Term,4
314,Steve Patel,Middle East,2025-04-15,481,Churned - Long Term,4
93,Karen Decker,Europe,2025-04-17,479,Churned - Long Term,3
43,Ashley Riley,Europe,2025-04-18,478,Churned - Long Term,3
255,John Sandoval,Asia Pacific,2025-04-18,478,Churned - Long Term,3
666,Amanda Park,Africa,2025-04-19,477,Churned - Long Term,2
490,Laura Hernandez,Middle East,2025-04-24,472,Churned - Long Term,4
518,Joel Stewart,Unknown,2025-04-24,472,Churned - Long Term,4
190,Charles Miller,Middle East,2025-04-26,470,Churned - Long Term,2
786,Heidi Johnson,Asia Pacific,2025-04-27,469,Churned - Long Term,1
462,Nancy May,Africa,2025-04-28,468,Churned - Long Term,4
602,Elaine Nelson,Europe,2025-04-28,468,Churned - Long Term,3
721,Becky Schroeder,South America,2025-04-28,468,Churned - Long Term,1
362,Anna Faulkner,North America,2025-05-01,465,Churned - Long Term,2
224,Steven Spencer,Europe,2025-05-03,463,Churned - Long Term,3
16,William Davis,Europe,2025-05-07,459,Churned - Long Term,3
706,Catherine Ruiz,Asia Pacific,2025-05-07,459,Churned - Long Term,2
456,Nancy Mcdowell,Africa,2025-05-08,458,Churned - Long Term,3
402,Joseph Adams,South America,2025-05-09,457,Churned - Long Term,3
613,Mary Vaughn,Africa,2025-05-09,457,Churned - Long Term,4
787,Charles Harrison,Middle East,2025-05-10,456,Churned - Long Term,2
358,Angela Vargas,Asia Pacific,2025-05-11,455,Churned - Long Term,3
226,Lisa Monroe,Middle East,2025-05-12,454,Churned - Long Term,3
621,Patricia Salazar,North America,2025-05-12,454,Churned - Long Term,6
353,Christina Mayer,North America,2025-05-13,453,Churned - Long Term,4
415,Elizabeth Jackson,Asia Pacific,2025-05-14,452,Churned - Long Term,2
618,Katrina Ray,Africa,2025-05-18,448,Churned - Long Term,2
133,Lisa Pierce,Asia Pacific,2025-05-20,446,Churned - Long Term,1
523,Marcus Johnson,Asia Pacific,2025-05-21,445,Churned - Long Term,1
302,Sheila Fischer,Middle East,2025-05-27,439,Churned - Long Term,2
797,Tina Kramer,South America,2025-05-27,439,Churned - Long Term,3
305,Brittney Romero,Middle East,2025-05-29,437,Churned - Long Term,3
652,Kelly Thompson,Middle East,2025-05-31,435,Churned - Long Term,2
70,Amy Smith,Middle East,2025-06-03,432,Churned - Long Term,2
161,Daniel James,North America,2025-06-04,431,Churned - Long Term,3
772,Sarah Dunn,Europe,2025-06-05,430,Churned - Long Term,5
411,Robert Porter,South America,2025-06-08,427,Churned - Long Term,3
137,Anthony Mccoy,Asia Pacific,2025-06-10,425,Churned - Long Term,2
770,Courtney Anderson,Europe,2025-06-10,425,Churned - Long Term,4
686,Juan Serrano,Africa,2025-06-11,424,Churned - Long Term,4
437,Kathleen Carter,South America,2025-06-12,423,Churned - Long Term,1
672,Patrick Short,South America,2025-06-12,423,Churned - Long Term,3
554,Mark Hill,Europe,2025-06-14,421,Churned - Long Term,3
241,Patrick Rose,Africa,2025-06-17,418,Churned - Long Term,4
400,Michelle Smith,South America,2025-06-17,418,Churned - Long Term,3
276,Kevin Moore,Middle East,2025-06-18,417,Churned - Long Term,2
667,Julie Hernandez,Europe,2025-06-18,417,Churned - Long Term,4
759,Unknown Customer,Europe,2025-06-19,416,Churned - Long Term,4
798,Andrew Gray,Africa,2025-06-21,414,Churned - Long Term,2
592,Stephanie Mcclain,Asia Pacific,2025-06-24,411,Churned - Long Term,3
443,Gabriel Taylor,South America,2025-06-25,410,Churned - Long Term,5
439,Ashley Adams,Asia Pacific,2025-06-27,408,Churned - Long Term,5
96,Thomas Wilson,Asia Pacific,2025-06-28,407,Churned - Long Term,4
749,Alexander Clark,South America,2025-06-28,407,Churned - Long Term,5
257,Crystal Cain,Asia Pacific,2025-07-05,400,Churned - Long Term,2
58,Eric Spears,Europe,2025-07-07,398,Churned - Long Term,1
410,Jeanette Gonzales,North America,2025-07-07,398,Churned - Long Term,4
393,Stephanie Sanders,Africa,2025-07-08,397,Churned - Long Term,6
498,Kayla Rodriguez,South America,2025-07-08,397,Churned - Long Term,6
501,Jason Gates,Middle East,2025-07-09,396,Churned - Long Term,4
619,Matthew Mills,Asia Pacific,2025-07-09,396,Churned - Long Term,3
622,Tyler Martin,North America,2025-07-09,396,Churned - Long Term,4
662,Unknown Customer,South America,2025-07-09,396,Churned - Long Term,2
678,Melissa York,Europe,2025-07-09,396,Churned - Long Term,4
28,Caleb Smith,Africa,2025-07-13,392,Churned - Long Term,3
85,Steven Brown,Africa,2025-07-13,392,Churned - Long Term,4
345,Julie Lane,Asia Pacific,2025-07-14,391,Churned - Long Term,3
372,Brandy Cortez,Africa,2025-07-14,391,Churned - Long Term,3
547,Colin Barnett,Middle East,2025-07-14,391,Churned - Long Term,6
160,Hannah Bryant,Europe,2025-07-15,390,Churned - Long Term,5
254,Cynthia Zavala,Asia Pacific,2025-07-16,389,Churned - Long Term,3
301,Unknown Customer,Europe,2025-07-17,388,Churned - Long Term,1
486,Emily Williams,Unknown,2025-07-17,388,Churned - Long Term,1
69,Elizabeth Gray,Africa,2025-07-19,386,Churned - Long Term,6
388,Juan Daniels,South America,2025-07-19,386,Churned - Long Term,2
71,Diana Marshall,Africa,2025-07-20,385,Churned - Long Term,1
407,Raymond Flores,South America,2025-07-20,385,Churned - Long Term,1
641,James Weber,Middle East,2025-07-21,384,Churned - Long Term,3
384,Clayton Gray,Africa,2025-07-22,383,Churned - Long Term,2
350,Allison Luna,Africa,2025-07-23,382,Churned - Long Term,2
412,Kristina Jones,Africa,2025-07-25,380,Churned - Long Term,3
152,Jennifer Malone,Africa,2025-07-26,379,Churned - Long Term,3
344,Steven Roman,Middle East,2025-07-30,375,Churned - Long Term,2
89,Todd Price,Middle East,2025-07-31,374,Churned - Long Term,2
287,Brandon May,Middle East,2025-07-31,374,Churned - Long Term,3
674,Erica Sloan,Middle East,2025-08-01,373,Churned - Long Term,4
18,Allison Maddox,Africa,2025-08-03,371,Churned - Long Term,2
460,Unknown Customer,Africa,2025-08-04,370,Churned - Long Term,2
615,Dale Pruitt,Africa,2025-08-05,369,Churned - Long Term,4
704,Gabriel Nielsen,South America,2025-08-06,368,Churned - Long Term,3
729,Zachary Hall,Middle East,2025-08-06,368,Churned - Long Term,3
631,Travis Underwood,Middle East,2025-08-07,367,Churned - Long Term,4
200,Daniel Bruce,Europe,2025-08-08,366,Churned - Long Term,4
689,Desiree Hernandez,Middle East,2025-08-08,366,Churned - Long Term,4
543,Jamie Little,Asia Pacific,2025-08-09,365,Churned - Long Term,2
65,Jessica Edwards,North America,2025-08-11,363,Churned,4
351,Steven Ball,Asia Pacific,2025-08-13,361,Churned,3
421,Connor Bowen,Asia Pacific,2025-08-14,360,Churned,5
684,Dennis Quinn😀,Africa,2025-08-16,358,Churned,4
478,Jacqueline Martin,Europe,2025-08-21,353,Churned,3
733,Catherine Lee,Africa,2025-08-22,352,Churned,4
521,Jesse Robinson,Europe,2025-08-25,349,Churned,5
17,Erin Carlson,South America,2025-08-26,348,Churned,2
603,William Williamson,Asia Pacific,2025-08-29,345,Churned,3
106,Nicholas Johnson,Africa,2025-09-05,338,Churned,4
263,Ryan Carney,Europe,2025-09-13,330,Churned,1
690,Mercedes Anderson,North America,2025-09-13,330,Churned,3
188,Bradley Logan,Europe,2025-09-14,329,Churned,1
369,Kyle Ward,Asia Pacific,2025-09-16,327,Churned,2
740,Kaitlyn Peterson,Europe,2025-09-16,327,Churned,5
635,Stephanie Taylor,Asia Pacific,2025-09-17,326,Churned,2
186,Joseph Martinez,North America,2025-09-18,325,Churned,3
399,Ricky Johnson,South America,2025-09-19,324,Churned,5
585,Steven Wilson,Asia Pacific,2025-09-19,324,Churned,2
719,Joshua Becker,Asia Pacific,2025-09-19,324,Churned,2
63,Darlene Ross,Europe,2025-09-23,320,Churned,3
249,Shelby Lynch,Middle East,2025-09-23,320,Churned,4
638,Tiffany Moon,Asia Pacific,2025-09-23,320,Churned,1
192,Kenneth Wagner,Middle East,2025-09-25,318,Churned,3
303,Benjamin Reeves,Middle East,2025-09-25,318,Churned,4
77,Nicole Osborne,Africa,2025-09-28,315,Churned,5
354,Brittney Griffin,Europe,2025-09-28,315,Churned,3
796,Michael Moore,South America,2025-09-29,314,Churned,2
494,Unknown Customer,Asia Pacific,2025-09-30,313,Churned,4
539,Brian Rivera,Asia Pacific,2025-10-03,310,Churned,4
413,William Knapp,Africa,2025-10-04,309,Churned,4
737,Michelle Olson,Europe,2025-10-05,308,Churned,4
536,Kenneth Flores,Asia Pacific,2025-10-06,307,Churned,4
560,Hannah Williams,Asia Pacific,2025-10-06,307,Churned,3
259,Veronica Daniels,Africa,2025-10-07,306,Churned,3
373,Ashley Sanchez,Africa,2025-10-07,306,Churned,4
168,Kristin Walter,South America,2025-10-09,304,Churned,5
614,Garrett Anderson,Africa,2025-10-09,304,Churned,3
593,Jessica Perez,Middle East,2025-10-10,303,Churned,4
571,Erica Adams,South America,2025-10-11,302,Churned,4
727,Sonya Wilkins,Africa,2025-10-11,302,Churned,3
47,Michael Jones,Africa,2025-10-12,301,Churned,3
788,Theresa Espinoza,Europe,2025-10-13,300,Churned,3
26,Rodney Lewis,Asia Pacific,2025-10-14,299,Churned,1
49,Sarah Garciağ,Asia Pacific,2025-10-17,296,Churned,3
645,Dustin Santiago,North America,2025-10-18,295,Churned,4
10,Mitchell Clark,Middle East,2025-10-20,293,Churned,2
449,Nicole Davis,Middle East,2025-10-21,292,Churned,3
326,Nicole Thompson,Asia Pacific,2025-10-22,291,Churned,2
731,Richard Gonzalez,Europe,2025-10-22,291,Churned,4
324,Unknown Customer,Middle East,2025-10-25,288,Churned,2
199,Michael Lane,South America,2025-10-27,286,Churned,5
606,Jimmy Smith,Africa,2025-10-29,284,Churned,2
284,Meghan King,Middle East,2025-10-30,283,Churned,7
479,Unknown Customer,Middle East,2025-10-31,282,Churned,1
417,Jonathan Dixon,Europe,2025-11-03,279,Churned,2
167,Christopher Phillips,Africa,2025-11-04,278,Churned,4
307,Laura Swanson,Asia Pacific,2025-11-08,274,Churned,2
211,Jerry Hansen,Asia Pacific,2025-11-09,273,Churned,2
556,Katherine Ayers,Europe,2025-11-09,273,Churned,3
695,Bill Wong😀,Africa,2025-11-09,273,Churned,1
376,Charles Meyers,Middle East,2025-11-10,272,Churned,4
419,Dan Perry,South America,2025-11-10,272,Churned,3
673,Derek Myers,Africa,2025-11-10,272,Churned,5
692,Erik Knight,Europe,2025-11-12,270,Churned,2
195,Ronald Ortega,Europe,2025-11-13,269,Churned,5
33,Emily Joyce,South America,2025-11-14,268,Churned,3
500,Melissa Davis,South America,2025-11-14,268,Churned,4
747,Sheila Johnson,Europe,2025-11-14,268,Churned,3
119,Angela Butler,North America,2025-11-16,266,Churned,5
582,Howard Davis✓,Unknown,2025-11-16,266,Churned,3
488,Alan Gonzalez,Europe,2025-11-17,265,Churned,3
598,William Martinez,Europe,2025-11-19,263,Churned,3
56,Laura Valencia,Middle East,2025-11-20,262,Churned,3
178,Antonio Wood,Africa,2025-11-24,258,Churned,5
670,Adam Cortez,Europe,2025-11-25,257,Churned,1
387,Heather Knight,Europe,2025-11-27,255,Churned,1
39,Kristen Mitchell,Europe,2025-11-29,253,Churned,2
144,Amanda Reed,Asia Pacific,2025-11-30,252,Churned,4
383,Annette Branch,South America,2025-11-30,252,Churned,3
260,Michael Norman,Middle East,2025-12-01,251,Churned,6
329,Troy Mays,South America,2025-12-01,251,Churned,3
347,Justin White,South America,2025-12-01,251,Churned,4
679,Kelly Jones,Europe,2025-12-01,251,Churned,3
542,Christopher Colon,South America,2025-12-02,250,Churned,3
283,Fernando Donovan,Asia Pacific,2025-12-03,249,Churned,4
88,Amy Morrison,Europe,2025-12-07,245,Churned,3
19,Nicole Potter,Africa,2025-12-09,243,Churned,3
364,Joseph Nunez,Asia Pacific,2025-12-11,241,Churned,1
546,Steven Perez,North America,2025-12-14,238,Churned,4
82,Kimberly Washington,Asia Pacific,2025-12-15,237,Churned,2
201,Lindsay Bruce,Africa,2025-12-15,237,Churned,1
512,Dawn Robles,South America,2025-12-15,237,Churned,4
681,Rachel Stewart,Asia Pacific,2025-12-15,237,Churned,7
110,Elizabeth Wood,Middle East,2025-12-17,235,Churned,2
573,Unknown Customer,Middle East,2025-12-18,234,Churned,3
79,Elizabeth Travis,North America,2025-12-19,233,Churned,2
189,Yolanda Boone,North America,2025-12-22,230,Churned,5
484,Austin Pratt,Europe,2025-12-22,230,Churned,4
311,Robert Gutierrez,Asia Pacific,2025-12-23,229,Churned,4
519,Stacey Elliott,Asia Pacific,2025-12-24,228,Churned,3
531,Lorraine Santiago,Asia Pacific,2025-12-24,228,Churned,3
288,Christine Johnson,Middle East,2025-12-25,227,Churned,3
202,Heather Johnson,Middle East,2025-12-26,226,Churned,3
743,Christine Moore,Middle East,2025-12-26,226,Churned,2
688,Kayla Lewis,Europe,2025-12-28,224,Churned,4
130,April Ramos,South America,2025-12-29,223,Churned,3
184,Vanessa Fernandez,Europe,2025-12-29,223,Churned,1
310,John Armstrong,Asia Pacific,2025-12-29,223,Churned,4
409,James Osborn,Middle East,2025-12-29,223,Churned,4
149,Alicia Bryant,North America,2025-12-30,222,Churned,2
104,Steven Petersen,North America,2025-12-31,221,Churned,3
251,Candice Smith,Middle East,2025-12-31,221,Churned,4
50,Julia Moore,Africa,2026-01-01,220,Churned,4
781,Robert Castaneda,North America,2026-01-01,220,Churned,4
551,Gerald Joyce,Middle East,2026-01-02,219,Churned,3
664,Cody Bonilla,Middle East,2026-01-02,219,Churned,7
40,Jeff Brown,South America,2026-01-03,218,Churned,3
174,Cynthia Marshall,North America,2026-01-07,214,Churned,3
597,Lisa Smith,Africa,2026-01-09,212,Churned,3
346,Unknown Customer,Africa,2026-01-10,211,Churned,2
525,Kevin Taylor,South America,2026-01-10,211,Churned,4
744,Elizabeth Austin,North America,2026-01-12,209,Churned,4
625,Sergio Wilson,Middle East,2026-01-14,207,Churned,5
777,Russell Carter,Asia Pacific,2026-01-14,207,Churned,4
401,Rachel Stein,North America,2026-01-15,206,Churned,4
172,Miguel Curry,Asia Pacific,2026-01-17,204,Churned,3
339,Elizabeth Robinson,North America,2026-01-17,204,Churned,3
138,Alexander Russell,North America,2026-01-19,202,Churned,2
204,Cynthia Johnson,Africa,2026-01-21,200,Churned,2
279,Unknown Customer,Africa,2026-01-21,200,Churned,3
430,Janice Evans,Africa,2026-01-22,199,Churned,1
54,Charles Ware,Africa,2026-01-25,196,Churned,2
84,Heather Mccarthy,Asia Pacific,2026-01-25,196,Churned,3
52,Cynthia Calderon,Africa,2026-01-26,195,Churned,4
509,Felicia Thompson,Europe,2026-01-26,195,Churned,2
289,John Aguirre,Asia Pacific,2026-01-30,191,Churned,4
779,Maria Walker,Africa,2026-01-30,191,Churned,4
23,Daniel Cox,Africa,2026-02-02,188,Churned,7
700,Juan Hernandez,North America,2026-02-03,187,Churned,1
769,Diana Mcclure,South America,2026-02-03,187,Churned,4
299,Brandon Williams,South America,2026-02-04,186,Churned,3
559,Charlotte Steele,North America,2026-02-04,186,Churned,2
785,Jeff Fisher,South America,2026-02-04,186,Churned,1
206,Karen Williams,South America,2026-02-05,185,Churned,3
223,Marie Jones,Europe,2026-02-05,185,Churned,2
493,Robert Woodward,Europe,2026-02-06,184,Churned,3
710,William Barnes,Africa,2026-02-06,184,Churned,6
778,Nicole Kim,North America,2026-02-06,184,Churned,2
328,Ashley Rodriguez,North America,2026-02-07,183,Churned,8
715,Katie Kent,North America,2026-02-07,183,Churned,1
453,Ashlee Washington,Middle East,2026-02-08,182,Churned,3
659,Stephanie Montgomery,Middle East,2026-02-09,181,Churned,4
296,William Levy,Europe,2026-02-10,180,Churned,4
253,Christopher Villegas,Africa,2026-02-11,179,At Risk,3
687,Charles Jones,Unknown,2026-02-13,177,At Risk,1
225,Denise Morris,Europe,2026-02-14,176,At Risk,4
124,Michele Jones,Middle East,2026-02-15,175,At Risk,2
227,John Kim,Africa,2026-02-18,172,At Risk,4
336,Erik Parks,Europe,2026-02-19,171,At Risk,4
577,Mark Hill,South America,2026-02-19,171,At Risk,5
381,Daniel Davis,Europe,2026-02-21,169,At Risk,5
330,Daniel Martin,Africa,2026-02-22,168,At Risk,6
436,Robert Larsen,Europe,2026-02-22,168,At Risk,4
713,Nancy Wolfe,Asia Pacific,2026-02-22,168,At Risk,5
74,James Johnson,Europe,2026-02-23,167,At Risk,6
44,Alexandra Donovan,South America,2026-02-25,165,At Risk,2
67,Elizabeth Rivera,South America,2026-02-25,165,At Risk,4
516,Craig Sandoval,Middle East,2026-02-25,165,At Risk,3
36,Andrea Williams,Middle East,2026-02-26,164,At Risk,4
380,Tiffany Smith,Asia Pacific,2026-02-26,164,At Risk,4
454,Mary Smith,Middle East,2026-02-26,164,At Risk,8
35,Joshua Wright,Africa,2026-02-27,163,At Risk,3
170,Donald Levy,Europe,2026-02-27,163,At Risk,3
370,Tina Harrison,North America,2026-02-27,163,At Risk,2
483,John Ruiz,Africa,2026-02-27,163,At Risk,4
755,Robert Taylor,Middle East,2026-02-28,162,At Risk,2
117,Shelley Woods,Europe,2026-03-01,161,At Risk,6
8,Barbara Bush,Middle East,2026-03-02,160,At Risk,6
197,David Brown,Asia Pacific,2026-03-02,160,At Risk,3
340,Michael Stark,Asia Pacific,2026-03-03,159,At Risk,1
62,Andrew Lee,North America,2026-03-06,156,At Risk,1
511,Nicole Mendoza,Middle East,2026-03-06,156,At Risk,2
558,Todd Lynch,North America,2026-03-06,156,At Risk,2
237,Colleen Orr,Africa,2026-03-08,154,At Risk,4
360,Heather Russell,North America,2026-03-09,153,At Risk,6
529,Lisa Carr,Asia Pacific,2026-03-09,153,At Risk,2
331,Krystal Bradley,South America,2026-03-12,150,At Risk,4
424,Lauren Soto✓,South America,2026-03-13,149,At Risk,5
590,Kristen Chan,Europe,2026-03-13,149,At Risk,6
650,Julia Harris,North America,2026-03-13,149,At Risk,3
657,Jeffrey White,Europe,2026-03-13,149,At Risk,3
129,Brenda Smith,Europe,2026-03-15,147,At Risk,3
239,Amanda Collins,South America,2026-03-16,146,At Risk,2
548,Jeremy Brown,Middle East,2026-03-16,146,At Risk,4
742,Jill Salas,South America,2026-03-17,145,At Risk,2
583,Stacey Lam,Middle East,2026-03-18,144,At Risk,3
145,Molly Pollard,North America,2026-03-19,143,At Risk,5
366,Mason Krueger,Asia Pacific,2026-03-19,143,At Risk,4
155,Brandon Flynn,Africa,2026-03-24,138,At Risk,1
222,Michael Jones,Africa,2026-03-24,138,At Risk,4
697,Rachel Miller,Middle East,2026-03-25,137,At Risk,3
113,Joshua Lawrence,South America,2026-03-26,136,At Risk,3
157,Monica Harvey,Middle East,2026-03-26,136,At Risk,4
441,Shannon Bailey,Asia Pacific,2026-03-26,136,At Risk,5
570,Justin Hughes中,North America,2026-03-26,136,At Risk,5
315,Todd Bernard,Africa,2026-03-28,134,At Risk,1
680,Mark Anderson,Europe,2026-03-28,134,At Risk,2
20,Shawn Mckay,North America,2026-03-30,132,At Risk,3
699,Adam Macias,North America,2026-03-30,132,At Risk,3
120,Rebekah Evans,North America,2026-04-01,130,At Risk,4
636,Savannah Roberson,North America,2026-04-02,129,At Risk,4
394,Tracy Kelly,North America,2026-04-03,128,At Risk,9
775,Alex Mills,Asia Pacific,2026-04-03,128,At Risk,3
382,Lisa Adams,Europe,2026-04-04,127,At Risk,3
6,Michael Cooper,Middle East,2026-04-06,125,At Risk,4
213,Jenna Butler,Asia Pacific,2026-04-06,125,At Risk,6
9,Melissa Delacruz,Africa,2026-04-07,124,At Risk,2
533,Samuel Barnes,South America,2026-04-07,124,At Risk,2
1,Danielle Johnson,South America,2026-04-08,123,At Risk,5
374,Steven Oconnor,South America,2026-04-08,123,At Risk,3
567,Stephen Hull,Africa,2026-04-08,123,At Risk,4
115,Angela Terry,Middle East,2026-04-10,121,At Risk,2
458,Cody Lewis,Middle East,2026-04-10,121,At Risk,3
159,Erica Moore,Africa,2026-04-11,120,At Risk,2
422,Andrew Cooper,Middle East,2026-04-11,120,At Risk,3
482,Emily Wilson,South America,2026-04-17,114,At Risk,2
116,Audrey Harrison,Africa,2026-04-18,113,At Risk,3
793,Laura Richards,Europe,2026-04-18,113,At Risk,4
445,Unknown Customer,South America,2026-04-19,112,At Risk,2
24,Stacey Miller,South America,2026-04-22,109,At Risk,2
163,Julie Williams,Middle East,2026-04-22,109,At Risk,3
191,Cynthia Kelley,Asia Pacific,2026-04-25,106,At Risk,6
309,George Fuller,Middle East,2026-04-26,105,At Risk,1
337,Christina Robinson,Europe,2026-04-29,102,At Risk,2
651,Janet Holland,North America,2026-05-03,98,At Risk,4
634,Mary Chapman,Africa,2026-05-04,97,At Risk,2
162,Tiffany Barrett,Europe,2026-05-05,96,At Risk,6
31,Barbara Sanchez,Africa,2026-05-07,94,At Risk,5
171,Angela Davis,Europe,2026-05-07,94,At Risk,3
368,Randy Allen,Africa,2026-05-07,94,At Risk,4
166,Debbie Parker,Africa,2026-05-08,93,At Risk,3
14,Nicole Day™,Africa,2026-05-09,92,At Risk,2
51,Cynthia Baker,Unknown,2026-05-09,92,At Risk,5
156,Amanda Knight,Europe,2026-05-11,90,At Risk,6
465,Karen Lawrence,South America,2026-05-11,90,At Risk,4
252,Aaron Gomez,South America,2026-05-12,89,Slipping,4
513,Michael Stephens,Africa,2026-05-12,89,Slipping,4
644,Justin Boone,Middle East,2026-05-14,87,Slipping,3
135,Robert Lopez,North America,2026-05-16,85,Slipping,4
319,Jennifer Reed,Asia Pacific,2026-05-16,85,Slipping,1
359,Tyler Compton,South America,2026-05-19,82,Slipping,2
550,Raven Klein,Europe,2026-05-19,82,Slipping,3
218,Curtis Scott,Africa,2026-05-20,81,Slipping,2
716,Jonathan Smith,North America,2026-05-20,81,Slipping,4
611,Unknown Customer,Middle East,2026-05-21,80,Slipping,3
196,Christopher Miller,Middle East,2026-05-22,79,Slipping,2
552,Vanessa Graham,Middle East,2026-05-22,79,Slipping,3
48,Jade Carr,Africa,2026-05-23,78,Slipping,3
194,Robert Wilcox,Africa,2026-05-23,78,Slipping,1
261,Pamela Paul,Asia Pacific,2026-05-23,78,Slipping,5
112,David Herrera,Africa,2026-05-24,77,Slipping,3
122,Christopher Allen,Africa,2026-05-24,77,Slipping,2
86,Unknown Customer,Unknown,2026-05-25,76,Slipping,5
487,Steven Campbell,Asia Pacific,2026-05-25,76,Slipping,3
102,Daniel Yu,South America,2026-05-26,75,Slipping,3
599,Kelsey Dean,North America,2026-05-26,75,Slipping,3
604,Chelsea Strickland,Africa,2026-05-29,72,Slipping,4
27,Emily Brooks,Europe,2026-05-30,71,Slipping,6
220,Bethany Maldonado,Asia Pacific,2026-06-01,69,Slipping,5
427,Amanda Diaz,North America,2026-06-01,69,Slipping,4
154,Cynthia Brennan,South America,2026-06-02,68,Slipping,1
569,Sean Horne,North America,2026-06-02,68,Slipping,4
32,Donna Gomez,North America,2026-06-03,67,Slipping,6
432,Devin Reyes,South America,2026-06-04,66,Slipping,5
589,Shannon Clark,South America,2026-06-05,65,Slipping,3
701,Robert Rivera,South America,2026-06-05,65,Slipping,4
246,Jeffrey Flores,Africa,2026-06-07,63,Slipping,4
317,Keith Berry,Middle East,2026-06-08,62,Slipping,2
15,Jose Richards,Middle East,2026-06-10,60,Slipping,4
503,Stephanie Bond,Middle East,2026-06-10,60,Slipping,3
505,Nathan Mccoy,South America,2026-06-13,57,Slipping,3
217,William Bullock,Asia Pacific,2026-06-15,55,Slipping,4
561,Lisa Turner,Europe,2026-06-15,55,Slipping,5
591,Roy Woods,Asia Pacific,2026-06-15,55,Slipping,8
4,Robert Cole,Europe,2026-06-16,54,Slipping,3
535,Debra Mcdaniel,North America,2026-06-17,53,Slipping,1
99,Shelly Gonzalez,Asia Pacific,2026-06-18,52,Slipping,4
496,Joel Green,Middle East,2026-06-18,52,Slipping,5
637,Lisa Garcia,South America,2026-06-18,52,Slipping,4
405,Meagan James,North America,2026-06-19,51,Slipping,4
568,William Reid,Middle East,2026-06-19,51,Slipping,2
588,Henry Miller,Europe,2026-06-19,51,Slipping,7
481,Brian Villarreal,South America,2026-06-21,49,Slipping,4
734,Gregory Hunter,Europe,2026-06-21,49,Slipping,5
209,Brian Harris,Asia Pacific,2026-06-22,48,Slipping,4
105,Joshua Hayes,North America,2026-06-25,45,Slipping,2
327,Tyler Zuniga,Asia Pacific,2026-06-25,45,Slipping,1
214,George Meza,Unknown,2026-06-26,44,Slipping,3
709,Jerry Cruz,North America,2026-06-28,42,Slipping,3
758,Michael Castro,Africa,2026-06-28,42,Slipping,6
425,Christina Gonzalez,North America,2026-07-03,37,Slipping,6
175,Brandon Johnson,Unknown,2026-07-04,36,Slipping,2
526,Debra Thompson,South America,2026-07-04,36,Slipping,5
491,Michael Franco,South America,2026-07-05,35,Slipping,3
724,Adam Davis,Middle East,2026-07-05,35,Slipping,2
600,Andrew Norris,Asia Pacific,2026-07-06,34,Slipping,5
210,David Jimenez,Middle East,2026-07-07,33,Slipping,5
665,Crystal Lewis,Africa,2026-07-07,33,Slipping,6
125,Ronald Stephens,North America,2026-07-08,32,Slipping,2
270,Nathan Hines,Asia Pacific,2026-07-09,31,Slipping,2
431,John Wilson,Asia Pacific,2026-07-09,31,Slipping,3
76,Reginald Hernandez,Europe,2026-07-10,30,Slipping,3
193,Diana Rich,South America,2026-07-12,28,Active,5
57,Michael Castro,Middle East,2026-07-13,27,Active,7
705,Dana Johns,Middle East,2026-07-13,27,Active,6
390,Francisco Allen,Middle East,2026-07-14,26,Active,3
397,Daniel Smith,Asia Pacific,2026-07-14,26,Active,4
510,Edgar Mendez,Africa,2026-07-16,24,Active,2
579,Donald Johnson,Middle East,2026-07-16,24,Active,7
2,Erica Mcclain,South America,2026-07-17,23,Active,6
182,David Cunningham,North America,2026-07-17,23,Active,2
198,Morgan Pugh,Africa,2026-07-17,23,Active,7
176,Derek Chavez,South America,2026-07-18,22,Active,4
658,Christopher Walker,Asia Pacific,2026-07-18,22,Active,4
92,Jorge Murphy,North America,2026-07-19,21,Active,3
610,Melissa Zamora,Middle East,2026-07-19,21,Active,3
3,Jeffery Wagner,Middle East,2026-07-20,20,Active,5
158,Jesse Little,Middle East,2026-07-20,20,Active,6
461,Lawrence Ibarra,North America,2026-07-20,20,Active,5
524,Michelle Yu,Africa,2026-07-21,19,Active,2
292,Daniel Allen,North America,2026-07-22,18,Active,5
357,Kevin Thomas,North America,2026-07-25,15,Active,2
365,Kathleen Ramsey,Asia Pacific,2026-07-26,14,Active,8
647,Michael Chavez,North America,2026-07-26,14,Active,3
612,Lisa White,South America,2026-07-27,13,Active,3
562,Corey Melton,South America,2026-07-29,11,Active,5
608,Jonathan Hall,South America,2026-07-29,11,Active,2
312,Samantha Salas,Africa,2026-07-30,10,Active,4
335,Jose Ward,Middle East,2026-07-30,10,Active,2
455,Susan Harris,Europe,2026-08-02,7,Active,6
459,Sean Smith,North America,2026-08-02,7,Active,2
541,Philip Dunn,South America,2026-08-04,5,Active,4
649,Paul Frye,Middle East,2026-08-04,5,Active,2
403,Kevin Patton,Middle East,2026-08-05,4,Active,1
148,Wayne Lawrence,North America,2026-08-06,3,Active,6
271,Debra Wright,North America,2026-08-06,3,Active,5
476,Stephanie Allen,Asia Pacific,2026-08-06,3,Active,2
580,Paul Johnson,Europe,2026-08-06,3,Active,5
702,Jason Martin,Unknown,2026-08-06,3,Active,4
151,Melissa Phelps,North America,2026-08-07,2,Active,2
528,Jacqueline Berry,North America,2026-08-07,2,Active,4
466,John Newman,North America,2026-08-09,0,Active,6
473,Jennifer Wang,Africa,2026-08-09,0,Active,2
630,Cynthia Marsh,North America,2026-08-09,0,Active,4
13,Leslie Adams,Asia Pacific,2026-08-10,0,Active,4
25,David Keller,Middle East,2026-08-10,0,Active,3
132,Mia Rivera,Africa,2026-08-10,0,Active,4
147,Laura Pearson,North America,2026-08-10,0,Active,3
208,Erika Watkins,Middle East,2026-08-10,0,Active,6
221,Unknown Customer,Africa,2026-08-10,0,Active,3
236,Christine Harper,Europe,2026-08-10,0,Active,5
242,John Davidson,Asia Pacific,2026-08-10,0,Active,3
244,Dylan Kim,North America,2026-08-10,0,Active,1
245,Sarah Perry,Europe,2026-08-10,0,Active,6
361,Thomas Atkinson,Asia Pacific,2026-08-10,0,Active,6
378,Christine Estrada,Europe,2026-08-10,0,Active,3
468,Kristen Leon,Middle East,2026-08-10,0,Active,6
499,David Howard,Asia Pacific,2026-08-10,0,Active,5
532,John Jones,Africa,2026-08-10,0,Active,4
586,David Becker,North America,2026-08-10,0,Active,2
617,Paige Alexander,Asia Pacific,2026-08-10,0,Active,3
620,Timothy Alvarado,Europe,2026-08-10,0,Active,5
628,Martin Saunders,North America,2026-08-10,0,Active,1
653,Willie Bennett,Middle East,2026-08-10,0,Active,4
691,Elaine Charles,Africa,2026-08-10,0,Active,6
693,Michael Robinson,Middle East,2026-08-10,0,Active,3
712,Rachel Ryan,Europe,2026-08-10,0,Active,10
739,Amanda Haynes,Asia Pacific,2026-08-10,0,Active,3
746,Raymond Christensen,Middle East,2026-08-10,0,Active,7
761,Kim Griffin,Middle East,2026-08-10,0,Active,5
765,Kimberly Mcmillan,Asia Pacific,2026-08-10,0,Active,5
766,Melissa Martinez,Africa,2026-08-10,0,Active,3
767,Garrett Garcia,North America,2026-08-10,0,Active,2
