customer_id,name,region,order_count,avg_order_value,total_revenue,revenue_per_order,active_days,projected_annual_value
394,Tracy Kelly,North America,9,3196.44,115071.81,12785.76,1239,33899.28
746,Raymond Christensen,Middle East,7,3523.41,109225.74,15603.68,1379,28910.37
441,Shannon Bailey,Asia Pacific,5,4023.92,100598.09,20119.62,1246,29468.94
454,Mary Smith,Middle East,8,3312.73,99381.84,12422.73,1185,30611.28
74,James Johnson,Europe,6,3498.66,94463.83,15743.97,1227,28100.49
160,Hannah Bryant,Europe,5,3122.7,87435.6,17487.12,995,32074.37
153,Gabrielle Mitchell,Europe,4,4157.86,87315.02,21828.76,663,48069.35
168,Kristin Walter,South America,5,4362.14,87242.87,17448.57,1138,27982.12
32,Donna Gomez,North America,6,3776.46,86858.69,14476.45,1308,24238.09
691,Elaine Charles,Africa,6,3554.86,85316.57,14219.43,1451,21461.44
588,Henry Miller,Europe,7,3639.82,83715.9,11959.41,1366,22369.18
361,Thomas Atkinson,Asia Pacific,6,4396.68,83536.88,13922.81,1356,22485.96
31,Barbara Sanchez,Africa,5,3712.16,81667.47,16333.49,1091,27322.3
432,Devin Reyes,South America,5,3980.57,79611.33,15922.27,1185,24521.63
198,Morgan Pugh,Africa,6,3038.28,78995.34,13165.89,1374,20984.93
443,Gabriel Taylor,South America,5,3746.11,78668.26,15733.65,921,31176.89
397,Daniel Smith,Asia Pacific,4,5143.37,77150.6,19287.65,1315,21414.43
245,Sarah Perry,Europe,6,3192.73,76625.44,12770.91,1289,21697.66
712,Rachel Ryan,Europe,9,3064.91,76622.74,8513.64,1329,21043.87
520,Unknown Customer,Europe,5,3598.5,75568.54,15113.71,797,34607.93
710,William Barnes,Africa,6,2786.83,75244.46,12540.74,1175,23373.81
681,Rachel Stewart,Asia Pacific,7,4403.67,74862.41,10694.63,1147,23822.82
707,Douglas Aguilar,North America,4,4402.59,74844.02,18711.01,679,40232.79
297,Carla Cameron,Europe,4,3538.33,74305.0,18576.25,651,41661.02
392,Brian Kim,North America,4,3901.08,74120.59,18530.15,615,43990.27
213,Jenna Butler,Asia Pacific,6,3522.65,73975.72,12329.29,1127,23958.42
271,Debra Wright,North America,5,3071.42,73714.01,14742.8,1039,25895.68
195,Ronald Ortega,Europe,5,3661.78,73235.56,14647.11,551,48513.57
236,Christine Harper,Europe,5,3318.27,73001.99,14600.4,1243,21436.63
156,Amanda Knight,Europe,6,4049.22,72886.01,12147.67,1000,26603.39
50,Julia Moore,Africa,4,3823.43,72645.19,18161.3,1011,26227.0
466,John Newman,North America,6,3987.69,71778.36,11963.06,1213,21598.6
519,Stacey Elliott,Asia Pacific,3,4475.11,71601.71,23867.24,741,35269.4
567,Stephen Hull,Africa,4,3753.7,71320.35,17830.09,1282,20305.72
318,Loretta Blevins,Africa,4,5078.13,71093.78,17773.44,516,50289.2
664,Cody Bonilla,Middle East,7,2832.37,70809.33,10115.62,1016,25438.39
792,Elizabeth Mcpherson,Europe,5,3363.18,70626.86,14125.37,406,63494.59
193,Diana Rich,South America,5,4151.27,70571.56,14114.31,1387,18571.46
383,Annette Branch,South America,3,4127.46,70166.86,23388.95,371,69032.09
356,Jim Hendricks,Africa,5,3879.97,69839.46,13967.89,542,47032.11
381,Daniel Davis,Europe,5,2907.68,69784.22,13956.84,1126,22620.99
249,Shelby Lynch,Middle East,4,4102.78,69747.33,17436.83,681,37382.93
744,Elizabeth Austin,North America,4,5360.97,69692.64,17423.16,867,29340.04
92,Jorge Murphy,North America,3,4626.07,69391.02,23130.34,1257,20149.34
776,Alan Weeks,South America,4,3644.25,69240.71,17310.18,707,35746.62
630,Cynthia Marsh,North America,4,4579.7,68695.43,17173.86,956,26227.86
673,Derek Myers,Africa,5,2861.64,68679.39,13735.88,853,29388.02
761,Kim Griffin,Middle East,5,4035.86,68609.6,13721.92,1047,23918.34
468,Kristen Leon,Middle East,5,2846.7,68320.87,13664.17,1369,18215.57
66,Jonathan Fletcher,Middle East,5,3397.87,67957.32,13591.46,567,43746.78
86,Unknown Customer,Unknown,5,2817.72,67625.27,13525.05,888,27796.42
591,Roy Woods,Asia Pacific,8,2938.92,67595.11,8449.39,1360,18141.33
328,Ashley Rodriguez,North America,8,2703.06,67576.45,8447.06,1222,20184.46
210,David Jimenez,Middle East,5,3552.31,67493.93,13498.79,1180,20877.36
529,Lisa Carr,Asia Pacific,2,5607.39,67288.67,33644.33,440,55819.01
145,Molly Pollard,North America,5,3192.86,67050.11,13410.02,815,30028.58
513,Michael Stephens,Africa,4,3177.39,66725.29,16681.32,838,29062.92
759,Unknown Customer,Europe,4,3504.6,66587.49,16646.87,873,27840.13
200,Daniel Bruce,Europe,4,3665.85,65985.25,16496.31,640,37632.21
537,Eugene Jones,Asia Pacific,3,4708.68,65921.46,21973.82,619,38871.3
713,Nancy Wolfe,Asia Pacific,5,3638.34,65490.08,13098.02,981,24366.85
733,Catherine Lee,Africa,4,5027.22,65353.9,16338.48,1063,22440.43
376,Charles Meyers,Middle East,4,3259.05,65180.97,16295.24,1082,21988.04
590,Kristen Chan,Europe,6,4067.38,65078.05,10846.34,912,26045.49
264,Donna Parker,Africa,4,3221.14,64422.77,16105.69,686,34277.42
353,Christina Mayer,North America,4,2794.2,64266.57,16066.64,705,33272.76
128,Bill Reynolds,North America,5,4569.26,63969.57,12793.91,386,60489.36
289,John Aguirre,Asia Pacific,4,4514.66,63205.2,15801.3,518,44536.48
135,Robert Lopez,North America,4,3301.49,62728.3,15682.08,819,27955.84
377,Jesse Mann,South America,4,3442.89,61972.11,15493.03,440,51408.68
688,Kayla Lewis,Europe,4,4102.43,61536.49,15384.12,734,30600.57
626,Angela Smith,South America,4,3600.16,61202.71,15300.68,505,44235.62
582,Howard Davis✓,Unknown,3,4370.73,61190.15,20396.72,1006,22201.2
232,Sharon Collins,Asia Pacific,5,3213.78,61061.81,12212.36,678,32872.51
2,Erica Mcclain,South America,6,2653.63,61033.41,10172.24,1408,15821.87
365,Kathleen Ramsey,Asia Pacific,8,2441.12,61028.12,7628.52,1158,19235.98
311,Robert Gutierrez,Asia Pacific,4,4680.2,60842.64,15210.66,1054,21069.79
498,Kayla Rodriguez,South America,6,3372.74,60709.37,10118.23,743,29823.58
119,Angela Butler,North America,5,3169.36,60217.85,12043.57,677,32466.05
541,Philip Dunn,South America,4,4623.42,60104.44,15026.11,872,25158.4
474,Amanda Hernandez,Africa,4,3997.48,59962.27,14990.57,743,29456.57
665,Crystal Lewis,Africa,6,3301.36,59424.43,9904.07,1276,16998.37
3,Jeffery Wagner,Middle East,5,3942.49,59137.4,11827.48,1165,18528.03
740,Kaitlyn Peterson,Europe,5,3692.08,59073.32,11814.66,936,23036.07
716,Jonathan Smith,North America,4,4219.36,59071.07,14767.77,1268,17003.9
462,Nancy May,Africa,3,4524.85,58823.08,19607.69,355,60480.07
256,Matthew Day,Europe,4,4519.04,58747.55,14686.89,549,39058.03
120,Rebekah Evans,North America,4,3451.07,58668.19,14667.05,1089,19663.81
36,Andrea Williams,Middle East,4,3664.14,58626.31,14656.58,1206,17743.45
12,Gabrielle Cameron,Middle East,4,3443.83,58545.04,14636.26,650,32875.29
577,Mark Hill,South America,5,3244.18,58395.17,11679.03,1254,16997.0
330,Daniel Martin,Africa,6,2914.01,58280.25,9713.38,1208,17609.51
220,Bethany Maldonado,Asia Pacific,5,3234.7,58224.63,11644.93,1295,16410.8
600,Andrew Norris,Asia Pacific,5,3052.65,58000.33,11600.07,1408,15035.6
345,Julie Lane,Asia Pacific,3,3859.84,57897.67,19299.22,727,29068.29
366,Mason Krueger,Asia Pacific,4,3402.57,57843.66,14460.92,1026,20577.91
148,Wayne Lawrence,North America,6,3035.83,57680.8,9613.47,1142,18435.63
674,Erica Sloan,Middle East,4,3011.98,57227.66,14306.92,522,40015.51
162,Tiffany Barrett,Europe,6,3574.74,57195.83,9532.64,1114,18740.11
284,Meghan King,Middle East,7,3570.07,57121.13,8160.16,1162,17942.52
562,Corey Melton,South America,5,3775.74,56636.05,11327.21,1081,19123.18
488,Alan Gonzalez,Europe,3,5650.81,56508.12,18836.04,887,23253.06
648,John Mueller,Asia Pacific,4,2946.84,55989.87,13997.47,794,25738.42
526,Debra Thompson,South America,5,3102.95,55853.11,11170.62,748,27254.53
435,James Cruz,Asia Pacific,5,3094.53,55701.53,11140.31,924,22003.31
360,Heather Russell,North America,5,3976.61,55672.54,11134.51,1129,17998.65
512,Dawn Robles,South America,4,3269.05,55573.93,13893.48,264,76835.17
350,Allison Luna,Africa,2,4625.42,55504.99,27752.49,868,23340.23
424,Lauren Soto✓,South America,5,3446.21,55139.32,11027.86,1214,16578.13
178,Antonio Wood,Africa,5,3672.37,55085.48,11017.1,1099,18295.0
199,Michael Lane,South America,5,2748.11,54962.14,10992.43,1076,18644.22
69,Elizabeth Gray,Africa,6,2104.14,54707.6,9117.93,999,19988.26
208,Erika Watkins,Middle East,6,2376.81,54666.69,9111.11,1385,14406.75
189,Yolanda Boone,North America,5,3405.34,54485.42,10897.08,1058,18796.95
248,Christina Bullock,South America,6,3203.81,54464.83,9077.47,705,28198.1
241,Patrick Rose,Africa,4,4529.92,54359.08,13589.77,406,48869.62
570,Justin Hughes中,North America,5,3392.34,54277.5,10855.5,455,43541.29
77,Nicole Osborne,Africa,5,3855.65,53979.17,10795.83,1060,18587.17
405,Meagan James,North America,4,3371.93,53950.81,13487.7,1151,17108.64
621,Patricia Salazar,North America,6,3591.6,53874.06,8979.01,855,22998.87
631,Travis Underwood,Middle East,4,3360.03,53760.53,13440.13,1087,18052.06
453,Ashlee Washington,Middle East,3,3158.28,53690.75,17896.92,960,20413.67
251,Candice Smith,Middle East,4,3830.64,53629.02,13407.25,1155,16947.7
769,Diana Mcclure,South America,4,4091.91,53194.85,13298.71,1063,18265.4
102,Daniel Yu,South America,3,4420.6,53047.2,17682.4,857,22593.03
412,Kristina Jones,Africa,3,3785.85,53001.94,17667.31,1007,19211.23
415,Elizabeth Jackson,Asia Pacific,2,4406.46,52877.49,26438.74,958,20146.43
499,David Howard,Asia Pacific,5,2924.77,52645.8,10529.16,1393,13794.48
413,William Knapp,Africa,4,4338.71,52064.53,13016.13,1102,17244.6
96,Thomas Wilson,Asia Pacific,4,2599.95,51999.02,12999.75,1048,18110.35
576,Justin Cohen,Europe,2,4723.72,51960.91,25980.46,179,105953.81
483,John Ruiz,Africa,4,4296.49,51557.87,12889.47,1195,15747.8
191,Cynthia Kelley,Asia Pacific,6,2450.0,51450.04,8575.01,1014,18519.98
261,Pamela Paul,Asia Pacific,5,3018.84,51320.31,10264.06,1044,17942.45
758,Michael Castro,Africa,6,2438.23,51202.82,8533.8,1047,17850.08
701,Robert Rivera,South America,4,3195.88,51134.06,12783.51,928,20112.0
260,Michael Norman,Middle East,6,4256.35,51076.21,8512.7,1153,16168.97
465,Karen Lawrence,South America,4,2999.24,50987.04,12746.76,1160,16043.34
296,William Levy,Europe,4,4223.82,50685.84,12671.46,821,22533.9
485,Robert Cortez,Europe,3,3167.37,50677.98,16892.66,716,25834.45
494,Unknown Customer,Asia Pacific,4,3164.26,50628.24,12657.06,939,19679.77
8,Barbara Bush,Middle East,6,2959.17,50305.93,8384.32,1168,15720.6
579,Donald Johnson,Middle East,7,3106.87,49709.97,7101.42,1356,13380.63
303,Benjamin Reeves,Middle East,4,3309.25,49638.77,12409.69,678,26722.94
292,Daniel Allen,North America,5,2477.71,49554.23,9910.85,1361,13289.71
772,Sarah Dunn,Europe,5,4115.2,49382.41,9876.48,895,20139.2
88,Amy Morrison,Europe,3,4110.24,49322.83,16440.94,242,74391.87
549,Michelle Wells,Middle East,2,4092.17,49106.02,24553.01,328,54645.42
765,Kimberly Mcmillan,Asia Pacific,5,3266.16,48992.4,9798.48,1419,12601.99
57,Michael Castro,Middle East,7,3264.73,48970.9,6995.84,1234,14484.91
622,Tyler Martin,North America,4,3049.96,48799.34,12199.83,681,26155.3
597,Lisa Smith,Africa,3,4435.25,48787.78,16262.59,1110,16042.83
749,Alexander Clark,South America,5,2421.48,48429.54,9685.91,580,30477.21
85,Steven Brown,Africa,4,4023.02,48276.25,12069.06,601,29319.19
259,Veronica Daniels,Africa,3,3013.24,48211.9,16070.63,641,27452.95
645,Dustin Santiago,North America,3,3987.32,47847.87,15949.29,833,20965.75
247,Justin Gallegos,North America,5,3187.94,47819.11,9563.82,578,30197.19
528,Jacqueline Berry,North America,4,3980.91,47770.92,11942.73,1371,12718.01
598,William Martinez,Europe,3,2809.5,47761.44,15920.48,662,26333.72
705,Dana Johns,Middle East,6,2982.4,47718.36,7953.06,1421,12257.0
469,Victor Wheeler,Europe,3,3177.75,47666.19,15888.73,228,76307.72
518,Joel Stewart,Unknown,4,2802.8,47647.6,11911.9,684,25425.99
252,Aaron Gomez,South America,4,2970.97,47535.48,11883.87,1128,15381.6
501,Jason Gates,Middle East,4,3156.73,47350.94,11837.74,860,20096.62
126,Charles Martin,Middle East,3,2784.88,47343.01,15781.0,95,181896.83
27,Emily Brooks,Europe,6,2626.98,47285.68,7880.95,839,20571.24
230,Melissa Brandt,South America,4,2780.57,47269.77,11817.44,740,23315.49
132,Mia Rivera,Africa,4,4717.28,47172.83,11793.21,634,27157.86
506,Lisa Johnson,North America,2,4274.0,47013.98,23506.99,575,29843.66
362,Anna Faulkner,North America,2,4256.84,46825.25,23412.63,428,39932.75
157,Monica Harvey,Middle East,4,3084.81,46272.15,11568.04,755,22369.98
613,Mary Vaughn,Africa,4,3558.1,46255.26,11563.82,614,27497.02
4,Robert Cole,Europe,3,4196.86,46165.42,15388.47,151,111591.91
548,Jeremy Brown,Middle East,4,3539.62,46015.0,11503.75,1113,15090.27
525,Kevin Taylor,South America,4,3284.62,45984.71,11496.18,839,20005.27
493,Robert Woodward,Europe,3,4582.62,45826.24,15275.41,810,20650.1
1,Danielle Johnson,South America,5,2403.44,45665.29,9133.06,1194,13959.66
314,Steve Patel,Middle East,4,2837.3,45396.8,11349.2,875,18936.95
101,Mitchell Hunterğ,South America,3,3771.98,45263.81,15087.94,882,18731.62
398,Curtis Miller,North America,4,2505.14,45092.56,11273.14,670,24565.35
686,Juan Serrano,Africa,4,3220.73,45090.28,11272.57,1036,15886.05
253,Christopher Villegas,Africa,3,4498.75,44987.49,14995.83,273,60148.11
16,William Davis,Europe,3,3450.42,44855.42,14951.81,533,30717.13
492,Diane Sweeney,Middle East,3,3736.79,44841.45,14947.15,699,23415.06
658,Christopher Walker,Asia Pacific,4,2794.18,44706.8,11176.7,1077,15151.33
539,Brian Rivera,Asia Pacific,4,2624.96,44624.24,11156.06,938,17364.44
217,William Bullock,Asia Pacific,4,3174.04,44436.61,11109.15,941,17236.3
7,Unknown Customer,Asia Pacific,4,3418.09,44435.12,11108.78,618,26244.04
218,Curtis Scott,Africa,2,5547.75,44382.01,22191.01,199,81404.19
458,Cody Lewis,Middle East,3,4428.07,44280.72,14760.24,1156,13981.37
601,Johnny Miles,North America,2,4414.78,44147.76,22073.88,23,700605.76
439,Ashley Adams,Asia Pacific,5,2942.91,44143.71,8828.74,1050,15345.19
373,Ashley Sanchez,Africa,4,2595.48,44123.2,11030.8,402,40062.11
123,Hannah Harrison,Europe,3,3389.38,44061.93,14687.31,477,33716.15
679,Kelly Jones,Europe,3,2748.47,43975.53,14658.51,879,18260.6
192,Kenneth Wagner,Middle East,3,4359.15,43591.46,14530.49,648,24553.83
374,Steven Oconnor,South America,3,3626.08,43512.99,14504.33,1326,11977.56
401,Rachel Stein,North America,4,2548.03,43316.58,10829.15,1175,13455.79
332,Penny Wilcoxñ,South America,4,2704.97,43279.59,10819.9,303,52135.48
521,Jesse Robinson,Europe,5,2401.25,43222.57,8644.51,1077,14648.32
418,Kelsey Chapman,Asia Pacific,4,4801.84,43216.59,10804.15,765,20619.68
783,Edwin Booker,South America,2,3926.09,43186.97,21593.49,569,27703.42
682,Elijah Knight,Africa,3,4784.16,43057.44,14352.48,832,18889.38
603,William Williamson,Asia Pacific,3,3913.89,43052.83,14350.94,941,16699.56
410,Jeanette Gonzales,North America,4,3073.72,43032.04,10758.01,885,17747.68
46,Anna Garcia,Europe,2,3904.93,42954.2,21477.1,566,27700.15
779,Maria Walker,Africa,4,2859.06,42885.87,10721.47,738,21210.49
158,Jesse Little,Middle East,6,2669.12,42705.86,7117.64,688,22656.45
500,Melissa Davis,South America,4,2367.62,42617.24,10654.31,889,17497.52
461,Lawrence Ibarra,North America,5,2836.69,42550.34,8510.07,1115,13929.04
634,Mary Chapman,Africa,2,3865.78,42523.57,21261.78,1223,12691.01
644,Justin Boone,Middle East,3,3266.49,42464.36,14154.79,1157,13396.28
496,Joel Green,Middle East,5,2492.52,42372.9,8474.58,1193,12964.05
23,Daniel Cox,Africa,7,1840.95,42341.86,6048.84,1267,12197.93
690,Mercedes Anderson,North America,3,4697.56,42278.0,14092.67,857,18006.38
551,Gerald Joyce,Middle East,3,3246.1,42199.35,14066.45,1056,14585.95
456,Nancy Mcdowell,Africa,3,3235.82,42065.66,14021.89,705,21778.68
770,Courtney Anderson,Europe,4,2783.66,41754.94,10438.74,561,27166.76
308,Diana Stanton,South America,3,3474.81,41697.76,13899.25,849,17926.6
594,Wesley Torres,Asia Pacific,4,3466.33,41595.97,10398.99,658,23073.75
406,Derek Flores,Africa,3,2957.77,41408.8,13802.93,296,51061.53
55,Brandi Hernandez,Middle East,3,3762.69,41389.59,13796.53,295,51210.85
258,Bradley Gonzalez,Asia Pacific,3,3180.27,41343.55,13781.18,261,57817.61
48,Jade Carr,Africa,3,3756.29,41319.18,13773.06,721,20917.48
791,David Olson,Asia Pacific,2,3442.05,41304.61,20652.31,523,28826.35
624,Christian Wallace,South America,3,3171.83,41233.73,13744.58,543,27716.96
41,Breanna Shaw,Europe,4,2745.65,41184.75,10296.19,706,21292.4
399,Ricky Johnson,South America,5,4115.72,41157.15,8231.43,871,17247.26
610,Melissa Zamora,Middle East,3,3407.63,40891.5,13630.5,1066,14001.31
336,Erik Parks,Europe,4,2554.01,40864.24,10216.06,1220,12225.78
531,Lorraine Santiago,Asia Pacific,3,3385.41,40624.96,13541.65,872,17004.71
455,Susan Harris,Europe,6,2896.22,40547.15,6757.86,1452,10192.64
568,William Reid,Middle East,2,3677.76,40455.32,20227.66,848,17412.96
186,Joseph Martinez,North America,3,3656.26,40218.81,13406.27,995,14753.63
349,Nancy Anderson,South America,3,4457.68,40119.12,13373.04,278,52674.38
734,Gregory Hunter,Europe,5,2673.74,40106.17,8021.23,1033,14171.11
728,Melissa Galvan,South America,4,2502.7,40043.14,10010.78,687,21274.74
798,Andrew Gray,Africa,2,3999.02,39990.22,19995.11,601,24286.91
316,Janet Vaughn,Asia Pacific,3,2844.17,39818.32,13272.77,462,31458.2
508,Gary Berry,Europe,3,3057.7,39750.04,13250.01,859,16890.3
502,Randy Williams,Asia Pacific,2,3609.92,39709.08,19854.54,414,35009.21
793,Laura Richards,Europe,4,2829.38,39611.32,9902.83,1262,11456.52
569,Sean Horne,North America,4,3297.84,39574.13,9893.53,851,16973.63
642,William Benson,Africa,3,4930.75,39446.03,13148.68,319,45134.17
515,Unknown Customer,North America,4,2627.24,39408.64,9852.16,460,31269.9
421,Connor Bowen,Asia Pacific,5,2811.33,39358.58,7871.72,976,14719.14
287,Brandon May,Middle East,3,3924.83,39248.29,13082.76,867,16523.21
174,Cynthia Marshall,North America,3,3916.89,39168.86,13056.29,1181,12105.53
131,Lisa Costa,Africa,3,4887.09,39096.74,13032.25,639,22332.25
714,Kayla Bell,Asia Pacific,2,4871.53,38972.28,19486.14,223,63788.71
689,Desiree Hernandez,Middle East,4,4854.35,38834.82,9708.7,774,18313.58
117,Shelley Woods,Europe,6,2767.61,38746.55,6457.76,1012,13974.79
727,Sonya Wilkins,Africa,3,3513.28,38646.06,12882.02,1119,12605.73
423,Zachary Arnold,Africa,3,2970.42,38615.52,12871.84,301,46826.13
709,Jerry Cruz,North America,3,3508.47,38593.15,12864.38,897,15704.01
20,Shawn Mckay,North America,3,3851.97,38519.7,12839.9,446,31523.97
651,Janet Holland,North America,4,2559.65,38394.68,9598.67,1139,12303.83
625,Sergio Wilson,Middle East,5,2126.06,38269.04,7653.81,1195,11688.87
532,John Jones,Africa,4,2913.12,37870.58,9467.65,817,16918.92
436,Robert Larsen,Europe,4,3151.25,37815.05,9453.76,537,25702.97
51,Cynthia Baker,Unknown,4,2094.95,37709.06,9427.26,1172,11743.86
782,Unknown Customer,South America,3,2684.55,37583.72,12527.91,825,16627.95
547,Colin Barnett,Middle East,6,2887.86,37542.24,6257.04,998,13730.38
98,Larry Lane,Africa,3,4167.46,37507.17,12502.39,85,161060.2
484,Austin Pratt,Europe,4,2335.69,37371.09,9342.77,1013,13465.4
149,Alicia Bryant,North America,2,3397.37,37371.04,18685.52,462,29524.74
636,Savannah Roberson,North America,3,3114.06,37368.71,12456.24,499,27333.83
656,Megan Turner,Europe,5,2196.37,37338.22,7467.64,696,19581.11
684,Dennis Quinn😀,Africa,3,3724.86,37248.62,12416.21,943,14417.55
647,Michael Chavez,North America,3,4134.33,37208.99,12403.0,911,14908.1
425,Christina Gonzalez,North America,6,1855.41,37108.17,6184.69,1321,10253.2
354,Brittney Griffin,Europe,3,5274.9,36924.28,12308.09,759,17756.74
667,Julie Hernandez,Europe,4,2837.01,36881.07,9220.27,1002,13434.72
143,Mary Carpenter,South America,2,3346.31,36809.41,18404.71,367,36608.81
104,Steven Petersen,North America,3,4578.85,36630.79,12210.26,1003,13330.25
661,Manuel Moon,North America,4,2034.77,36625.81,9156.45,740,18065.43
729,Zachary Hall,Middle East,3,4069.5,36625.49,12208.5,331,40387.62
347,Justin White,South America,4,2611.7,36563.86,9140.97,776,17198.21
367,David Key,South America,2,5215.21,36506.47,18253.24,85,156763.08
65,Jessica Edwards,North America,3,3282.32,36105.54,12035.18,910,14481.89
81,Michelle Coleğ,Asia Pacific,5,3606.8,36067.99,7213.6,944,13945.78
393,Stephanie Sanders,Africa,5,2568.46,35958.48,7191.7,911,14407.07
719,Joshua Becker,Asia Pacific,2,3558.51,35585.09,17792.54,22,590388.99
627,Diamond Bryant,North America,3,3234.45,35578.9,11859.63,300,43287.66
25,David Keller,Middle East,3,4432.45,35459.57,11819.86,435,29753.43
116,Audrey Harrison,Africa,3,4427.92,35423.35,11807.78,1015,12738.45
221,Unknown Customer,Africa,3,5053.35,35373.46,11791.15,859,15030.63
176,Derek Chavez,South America,4,3916.17,35245.53,8811.38,1413,9104.47
163,Julie Williams,Middle East,3,4378.38,35027.0,11675.67,1064,12015.84
794,Kristen Alvarez,Middle East,2,4378.02,35024.17,17512.08,69,185272.78
70,Amy Smith,Middle East,2,4356.24,34849.91,17424.96,442,28778.77
395,Donna Miller,North America,4,3165.68,34822.52,8705.63,425,29906.4
226,Lisa Monroe,Middle East,3,2662.18,34608.29,11536.1,954,13241.12
571,Erica Adams,South America,4,2468.94,34565.16,8641.29,1118,11284.69
595,Jessica Carlson,South America,2,3134.18,34475.97,17237.99,136,92527.42
19,Nicole Potter,Africa,3,3443.79,34437.87,11479.29,674,18649.59
678,Melissa York,Europe,3,3438.71,34387.11,11462.37,726,17288.29
697,Rachel Miller,Middle East,3,3427.71,34277.06,11425.69,1171,10684.14
411,Robert Porter,South America,3,4893.56,34254.95,11418.32,568,22012.42
669,Shannon Sullivan,Africa,4,3803.79,34234.15,8558.54,579,21581.11
352,Steven Moore,Europe,3,4275.92,34207.39,11402.46,99,126118.16
246,Jeffrey Flores,Africa,4,2136.62,34185.97,8546.49,1216,10261.41
731,Richard Gonzalez,Europe,4,2438.81,34143.31,8535.83,932,13371.58
310,John Armstrong,Asia Pacific,4,2132.89,34126.19,8531.55,893,13948.55
533,Samuel Barnes,South America,2,4247.19,33977.49,16988.74,463,26785.71
358,Angela Vargas,Asia Pacific,3,2829.05,33948.61,11316.2,777,15947.55
138,Alexander Russell,North America,2,2828.05,33936.65,16968.33,734,16875.85
242,John Davidson,Asia Pacific,3,2422.39,33913.43,11304.48,389,31821.08
130,April Ramos,South America,3,3389.43,33894.33,11298.11,787,15719.73
312,Samantha Salas,Africa,4,2259.09,33886.32,8471.58,983,12582.41
42,Melissa Jones,Europe,3,2821.9,33862.83,11287.61,867,14255.98
222,Michael Jones,Africa,4,2815.34,33784.06,8446.01,832,14821.13
112,David Herrera,Africa,3,2250.99,33764.87,11254.96,921,13381.3
635,Stephanie Taylor,Asia Pacific,2,5605.03,33630.19,16815.1,178,68960.78
777,Russell Carter,Asia Pacific,4,1862.84,33531.08,8382.77,1158,10568.95
313,Ann Bolton,Middle East,3,2572.91,33447.79,11149.26,760,16063.74
183,Jesse Schroeder,Middle East,2,4152.64,33221.12,16610.56,379,31993.95
650,Julia Harris,North America,3,2372.7,33217.74,11072.58,393,30851.08
379,Adam Arnold,Africa,4,3690.19,33211.69,8302.92,500,24244.53
732,Jessica Hansen,South America,2,3689.34,33204.04,16602.02,131,92515.07
708,Gary Jennings,Middle East,2,3680.5,33124.46,16562.23,486,24877.42
47,Michael Jones,Africa,3,3669.86,33028.76,11009.59,370,32582.43
283,Fernando Donovan,Asia Pacific,4,4713.64,32995.51,8248.88,1117,10781.88
482,Emily Wilson,South America,2,3665.1,32985.92,16492.96,735,16380.76
657,Jeffrey White,Europe,3,2744.99,32939.92,10979.97,1303,9227.22
542,Christopher Colon,South America,3,2994.35,32937.84,10979.28,728,16514.16
39,Kristen Mitchell,Europe,2,3287.68,32876.82,16438.41,942,12738.9
315,Todd Bernard,Africa,1,5465.32,32791.92,32791.92,0,
419,Dan Perry,South America,3,4091.03,32728.23,10909.41,700,17065.43
530,Julie Young,South America,2,3626.41,32637.69,16318.84,134,88901.17
702,Jason Martin,Unknown,4,2717.31,32607.7,8151.93,1073,11092.09
615,Dale Pruitt,Africa,4,2508.05,32604.59,8151.15,820,14513.02
129,Brenda Smith,Europe,3,3620.85,32587.61,10862.54,1218,9765.58
666,Amanda Park,Africa,2,3619.89,32579.05,16289.52,724,16424.52
475,Amanda Myers,North America,3,2712.67,32552.05,10850.68,900,13201.66
43,Ashley Riley,Europe,3,3610.57,32495.15,10831.72,433,27391.99
781,Robert Castaneda,North America,4,1910.82,32483.98,8120.99,1156,10256.62
555,Alexandra Barnes,Middle East,3,2693.64,32323.7,10774.57,805,14656.09
75,Charles Perry,Asia Pacific,3,2459.1,31968.29,10656.1,630,18521.31
384,Clayton Gray,Africa,2,4565.79,31960.5,15980.25,837,13937.37
29,Jean Brown,South America,2,3531.28,31781.51,15890.75,460,25217.94
35,Joshua Wright,Africa,3,3529.65,31766.84,10588.95,670,17305.82
72,Susan Fitzgerald,Asia Pacific,3,2874.12,31615.29,10538.43,470,24552.3
215,Ryan Morales,Europe,3,3951.66,31613.28,10537.76,408,28281.49
449,Nicole Davis,Middle East,3,2632.41,31588.96,10529.65,957,12048.04
503,Stephanie Bond,Middle East,3,3157.88,31578.78,10526.26,960,12006.52
463,Chelsey Martin,North America,3,4499.23,31494.62,10498.21,305,37690.28
554,Mark Hill,Europe,3,2622.84,31474.13,10491.38,340,33788.4
788,Theresa Espinoza,Europe,3,3933.29,31466.32,10488.77,490,23439.2
84,Heather Mccarthy,Asia Pacific,3,3132.97,31329.68,10443.23,452,25299.41
546,Steven Perez,North America,4,2846.96,31316.57,7829.14,765,14941.89
278,Angela Wood,North America,3,3478.51,31306.56,10435.52,594,19237.2
400,Michelle Smith,South America,3,3471.16,31240.45,10413.48,956,11927.58
209,Brian Harris,Asia Pacific,4,2602.75,31233.03,7808.26,525,21714.39
560,Hannah Williams,Asia Pacific,3,2833.33,31166.66,10388.89,988,11514.0
382,Lisa Adams,Europe,3,3112.94,31129.39,10376.46,1212,9374.78
331,Krystal Bradley,South America,4,3881.0,31048.0,7762.0,943,12017.52
152,Jennifer Malone,Africa,3,3096.49,30964.92,10321.64,481,23497.29
106,Nicholas Johnson,Africa,4,3864.37,30914.99,7728.75,946,11928.09
452,Mallory Simpson,Africa,2,3091.47,30914.65,15457.33,46,245301.03
161,Daniel James,North America,3,3420.4,30783.61,10261.2,855,13141.54
378,Christine Estrada,Europe,3,2565.2,30782.44,10260.81,557,20171.62
386,Ariel Hodge,Europe,2,3417.23,30755.06,15377.53,87,129029.85
637,Lisa Garcia,South America,4,3406.25,30656.28,7664.07,958,11680.11
170,Donald Levy,Europe,3,3824.59,30596.71,10198.9,1048,10656.3
766,Melissa Martinez,Africa,3,3050.78,30507.77,10169.26,1416,7863.94
368,Randy Allen,Africa,3,2541.78,30501.3,10167.1,537,20731.8
516,Craig Sandoval,Middle East,3,4349.18,30444.23,10148.08,976,11385.39
341,James Herrera,Middle East,2,3373.27,30359.45,15179.73,341,32496.19
15,Jose Richards,Middle East,4,2528.19,30338.23,7584.56,991,11174.02
704,Gabriel Nielsen,South America,3,3787.12,30296.93,10098.98,624,17721.76
214,George Meza,Unknown,3,3362.57,30263.16,10087.72,1400,7890.04
476,Stephanie Allen,Asia Pacific,2,3772.11,30176.88,15088.44,815,13514.8
444,Amanda Carlson,North America,2,3015.39,30153.95,15076.98,458,24030.99
653,Willie Bennett,Middle East,4,3014.37,30143.66,7535.91,560,19647.21
197,David Brown,Asia Pacific,3,4296.81,30077.7,10025.9,432,25412.87
755,Robert Taylor,Middle East,2,2733.11,30064.16,15032.08,450,24385.37
28,Caleb Smith,Africa,3,2485.23,29822.81,9940.94,928,11729.88
275,Valerie Contreras,Africa,2,3307.77,29769.89,14884.94,122,89065.65
429,Brenda Bailey,Africa,2,3720.85,29766.81,14883.41,182,59697.17
179,Cory Jennings,Asia Pacific,2,3714.67,29717.36,14858.68,73,148586.8
552,Vanessa Graham,Middle East,3,2284.4,29697.25,9899.08,1104,9818.38
344,Steven Roman,Middle East,2,3707.98,29663.88,14831.94,559,19369.08
440,Amy Fritz,Middle East,4,2966.18,29661.83,7415.46,724,14953.82
495,Dana Foster,Africa,2,3295.7,29661.3,14830.65,675,16039.07
427,Amanda Diaz,North America,4,2956.49,29564.92,7391.23,737,14642.06
481,Brian Villarreal,South America,4,3265.2,29386.78,7346.69,1021,10505.56
491,Michael Franco,South America,3,3261.78,29356.04,9785.35,1397,7669.97
487,Steven Campbell,Asia Pacific,3,3256.53,29308.75,9769.58,1112,9620.23
655,Bill Mcfarland,Europe,2,3658.91,29271.24,14635.62,346,30878.62
224,Steven Spencer,Europe,3,2926.06,29260.56,9753.52,258,41395.75
99,Shelly Gonzalez,Asia Pacific,4,2234.57,29049.35,7262.34,731,14504.81
604,Chelsea Strickland,Africa,4,2409.66,28915.9,7228.98,767,13760.5
76,Reginald Hernandez,Europe,3,5716.73,28583.67,9527.89,778,13410.08
693,Michael Robinson,Middle East,3,2858.14,28581.45,9527.15,689,15141.12
580,Paul Johnson,Europe,5,2359.96,28319.56,5663.91,1373,7528.51
606,Jimmy Smith,Africa,2,5647.05,28235.26,14117.63,277,37205.31
535,Debra Mcdaniel,North America,1,4701.83,28210.99,28210.99,0,
699,Adam Macias,North America,3,2544.68,27991.53,9330.51,470,21738.1
93,Karen Decker,Europe,3,3102.6,27923.38,9307.79,804,12676.66
768,Kelli Warren,Europe,1,4648.69,27892.17,27892.17,0,
305,Brittney Romero,Middle East,3,2786.26,27862.56,9287.52,446,22802.32
68,Kyle Ortiz,Asia Pacific,3,3087.65,27788.87,9262.96,877,11565.49
417,Jonathan Dixon,Europe,2,2776.0,27759.97,13879.99,983,10307.62
255,John Sandoval,Asia Pacific,3,3076.68,27690.1,9230.03,904,11180.18
211,Jerry Hansen,Asia Pacific,2,3953.6,27675.21,13837.6,291,34712.89
797,Tina Kramer,South America,3,2761.91,27619.09,9206.36,858,11749.38
497,Mark Chavez,Middle East,1,4593.09,27558.56,27558.56,0,
544,Kristen Ruiz,South America,4,3442.37,27538.96,6884.74,468,21478.04
586,David Becker,North America,2,3442.05,27536.37,13768.18,268,37502.89
632,James Martinez,Asia Pacific,1,4580.66,27483.95,27483.95,0,
233,Debbie Henderson,Europe,3,3909.71,27368.0,9122.67,363,27518.79
641,James Weber,Middle East,3,3037.61,27338.45,9112.82,869,11482.78
144,Amanda Reed,Asia Pacific,4,3414.44,27315.54,6828.89,937,10640.53
556,Katherine Ayers,Europe,3,3023.8,27214.18,9071.39,1109,8956.88
302,Sheila Fischer,Middle East,2,3871.72,27102.06,13551.03,360,27478.48
612,Lisa White,South America,3,3866.52,27065.67,9021.89,526,18781.31
721,Becky Schroeder,South America,1,4509.62,27057.71,27057.71,0,
426,Jason Ramirez,Europe,3,2697.05,26970.45,8990.15,33,298309.52
796,Michael Moore,South America,2,4467.99,26807.93,13403.97,604,16200.16
583,Stacey Lam,Middle East,3,2230.41,26764.92,8921.64,1248,7827.88
227,John Kim,Africa,4,1906.16,26686.26,6671.56,888,10969.01
91,Elizabeth Miller,Asia Pacific,3,2959.55,26635.93,8878.64,828,11741.68
416,Deborah Rasmussen,Africa,3,3803.97,26627.8,8875.93,76,127883.51
60,Joseph Cobb,Middle East,3,2045.3,26588.96,8862.99,396,24507.5
431,John Wilson,Asia Pacific,3,2656.32,26563.2,8854.4,441,21985.41
402,Joseph Adams,South America,3,2206.66,26479.95,8826.65,158,61172.04
237,Colleen Orr,Africa,4,4401.89,26411.34,6602.84,325,29661.97
54,Charles Ware,Africa,2,3770.59,26394.13,13197.07,375,25690.29
680,Mark Anderson,Europe,2,3286.99,26295.89,13147.94,870,11032.18
659,Stephanie Montgomery,Middle East,4,2012.21,26158.67,6539.67,1097,8703.66
599,Kelsey Dean,North America,3,3729.09,26103.64,8701.21,882,10802.53
288,Christine Johnson,Middle East,3,2894.09,26046.81,8682.27,1143,8317.66
64,Gregory Estes,North America,2,5206.52,26032.6,13016.3,552,17213.59
202,Heather Johnson,Middle East,3,2883.88,25954.94,8651.65,179,52924.88
619,Matthew Mills,Asia Pacific,3,2591.12,25911.18,8637.06,476,19868.87
329,Troy Mays,South America,3,3224.91,25799.29,8599.76,35,269049.74
334,Sean Adams,Asia Pacific,2,2852.91,25676.22,12838.11,137,68407.45
293,Brent Dougherty,Europe,2,3667.24,25670.71,12835.35,105,89236.28
137,Anthony Mccoy,Asia Pacific,2,2325.87,25584.6,12792.3,542,17229.48
6,Michael Cooper,Middle East,4,2322.95,25552.41,6388.1,1102,8463.37
279,Unknown Customer,Africa,3,2834.0,25506.01,8502.0,432,21550.22
276,Kevin Moore,Middle East,2,3637.32,25461.21,12730.6,674,13788.34
490,Laura Hernandez,Middle East,4,2544.22,25442.16,6360.54,641,14487.35
372,Brandy Cortez,Africa,3,2826.4,25437.64,8479.21,621,14951.27
787,Charles Harrison,Middle East,2,3621.56,25350.89,12675.44,357,25918.98
45,Emily Evans,Asia Pacific,2,3161.99,25295.89,12647.94,59,156491.52
67,Elizabeth Rivera,South America,4,2523.63,25236.34,6309.09,626,14714.48
390,Francisco Allen,Middle East,3,2522.09,25220.9,8406.97,1232,7472.1
633,James Morgan,South America,4,2778.84,25009.59,6252.4,506,18040.51
736,Timothy Sanchez,North America,2,4155.65,24933.88,12466.94,118,77125.98
747,Sheila Johnson,Europe,3,3551.01,24857.09,8285.7,419,21653.55
323,Sarah Russell,Africa,2,2484.81,24848.09,12424.05,815,11128.29
166,Debbie Parker,Africa,3,4135.94,24815.66,8271.89,366,24747.86
254,Cynthia Zavala,Asia Pacific,3,2476.04,24760.41,8253.47,1064,8493.94
113,Joshua Lawrence,South America,3,2746.05,24714.44,8238.15,1205,7486.12
173,Daniel Hall,Europe,2,3528.04,24696.25,12348.13,117,77043.86
87,Kenneth Price,Asia Pacific,1,4904.94,24524.72,24524.72,0,
147,Laura Pearson,North America,3,3058.39,24467.12,8155.71,568,15722.71
139,Marilyn Jimenez,Africa,3,3491.25,24438.76,8146.25,568,15704.48
706,Catherine Ruiz,Asia Pacific,2,4877.88,24389.42,12194.71,246,36187.55
182,David Cunningham,North America,2,4049.11,24294.64,12147.32,1263,7021.02
778,Nicole Kim,North America,2,3452.18,24165.26,12082.63,1242,7101.71
786,Heidi Johnson,Asia Pacific,1,3969.95,23819.68,23819.68,0,
22,Amber Osborne,South America,2,3396.62,23776.32,11888.16,316,27463.15
608,Jonathan Hall,South America,2,3388.46,23719.22,11859.61,626,13829.9
662,Unknown Customer,South America,2,4740.32,23701.62,11850.81,651,13288.93
351,Steven Ball,Asia Pacific,3,3376.91,23638.36,7879.45,326,26466.26
13,Leslie Adams,Asia Pacific,4,2952.49,23619.96,5904.99,1420,6071.33
743,Christine Moore,Middle East,2,2950.07,23600.52,11800.26,915,9414.42
408,John Bennett,Asia Pacific,2,3368.17,23577.18,11788.59,154,55880.98
478,Jacqueline Martin,Europe,3,1964.76,23577.12,7859.04,274,31407.48
105,Joshua Hayes,North America,2,3911.26,23467.57,11733.78,24,356902.63
741,Patricia Adams,Africa,2,5822.11,23288.46,11644.23,438,19407.05
692,Erik Knight,Europe,2,3317.13,23219.93,11609.97,894,9480.17
593,Jessica Perez,Middle East,4,2579.8,23218.21,5804.55,482,17582.25
175,Brandon Johnson,Unknown,2,2890.53,23124.23,11562.11,662,12749.76
14,Nicole Day™,Africa,2,3842.1,23052.61,11526.31,885,9507.57
24,Stacey Miller,South America,2,2875.65,23005.2,11502.6,645,13018.45
324,Unknown Customer,Middle East,2,3816.69,22900.15,11450.08,290,28822.6
369,Kyle Ward,Asia Pacific,2,4577.14,22885.72,11442.86,262,31882.78
133,Lisa Pierce,Asia Pacific,1,3795.58,22773.46,22773.46,0,
574,Stephen Robinson,South America,3,1515.2,22727.95,7575.98,672,12344.79
228,Paul Schroeder,Middle East,5,2061.48,22676.26,4535.25,629,13158.72
700,Juan Hernandez,North America,1,3741.67,22450.05,22450.05,0,
540,Sara Fernandez,Europe,2,3725.14,22350.84,11175.42,137,59547.86
587,Victoria Cooper,Africa,2,2793.76,22350.05,11175.02,101,80769.98
90,Samantha Hooper,North America,2,3185.62,22299.35,11149.67,259,31425.72
269,Patrick Bradley,South America,2,3169.02,22183.12,11091.56,778,10407.25
134,Tara Powell,Middle East,3,2208.2,22081.96,7360.65,402,20049.54
558,Todd Lynch,North America,2,3677.38,22064.27,11032.14,150,53689.72
94,Brett Crane,North America,2,3146.94,22028.55,11014.27,254,31655.2
63,Darlene Ross,Europe,3,2439.92,21959.31,7319.77,1053,7611.73
445,Unknown Customer,South America,2,1993.65,21930.17,10965.08,74,108169.08
578,Rachel Trujillo,Africa,1,5455.85,21823.42,21823.42,0,
124,Michele Jones,Middle East,2,3630.42,21782.54,10891.27,81,98155.89
464,Robert Parks,Middle East,1,4349.97,21749.83,21749.83,0,
239,Amanda Collins,South America,2,2409.44,21684.97,10842.49,380,20828.98
187,Kimberly Palmer,South America,2,2151.34,21513.44,10756.72,461,17033.42
306,Thomas Smith,North America,2,2665.11,21320.86,10660.43,69,112784.26
784,David Gonzales,North America,2,1922.15,21143.67,10571.83,47,164200.84
620,Timothy Alvarado,Europe,5,2348.04,21132.4,4226.48,1394,5533.23
317,Keith Berry,Middle East,2,3500.82,21004.91,10502.45,510,15032.93
298,Melanie Jordan,Middle East,2,2990.89,20936.21,10468.1,342,22344.2
125,Ronald Stephens,North America,2,5201.83,20807.31,10403.66,36,210963.0
73,Christine Davis,South America,2,2590.58,20724.6,10362.3,131,57744.11
56,Laura Valencia,Middle East,3,3446.4,20678.39,6892.8,969,7789.07
602,Elaine Nelson,Europe,3,2295.57,20660.13,6886.71,955,7896.28
225,Denise Morris,Europe,4,2057.69,20576.86,5144.22,1060,7085.43
115,Angela Terry,Middle East,2,3420.64,20523.82,10261.91,866,8650.34
643,Brandi Bender,South America,1,3418.22,20509.29,20509.29,0,
524,Michelle Yu,Africa,2,2556.17,20449.39,10224.69,88,84818.49
274,Shannon Roach,Middle East,3,2903.54,20324.76,6774.92,342,21691.63
337,Christina Robinson,Europe,2,4059.79,20298.93,10149.47,231,32074.07
206,Karen Williams,South America,3,2535.64,20285.16,6761.72,869,8520.23
364,Joseph Nunez,Asia Pacific,1,3373.98,20243.86,20243.86,0,
572,Evelyn Wells,North America,2,10095.42,20190.84,10095.42,12,614138.05
739,Amanda Haynes,Asia Pacific,3,2872.03,20104.19,6701.4,1041,7049.02
49,Sarah Garciağ,Asia Pacific,3,2220.93,19988.36,6662.79,812,8984.92
167,Christopher Phillips,Africa,4,2207.94,19871.5,4967.88,937,7740.77
204,Cynthia Johnson,Africa,2,2831.91,19823.38,9911.69,749,9660.26
550,Raven Klein,Europe,3,2827.91,19795.36,6598.45,261,27683.17
33,Emily Joyce,South America,3,1978.28,19782.81,6594.27,1028,7024.05
359,Tyler Compton,South America,2,4943.31,19773.25,9886.63,378,19093.22
677,Eugene Walker,Europe,3,2471.38,19771.02,6590.34,417,17305.57
428,Michelle Rose,Asia Pacific,1,3945.93,19729.65,19729.65,0,
118,Crystal Brown,South America,2,2815.85,19710.95,9855.48,653,11017.61
543,Jamie Little,Asia Pacific,2,2805.61,19639.25,9819.63,28,256011.65
589,Shannon Clark,South America,3,2796.37,19574.61,6524.87,608,11751.21
409,James Osborn,Middle East,4,2793.17,19552.18,4888.05,1096,6511.45
730,Theresa Miller,Middle East,1,3249.5,19497.03,19497.03,0,
10,Mitchell Clark,Middle East,2,3878.18,19390.92,9695.46,166,42636.66
21,Unknown Customer,North America,2,2752.42,19266.91,9633.45,146,48167.27
380,Tiffany Smith,Asia Pacific,4,1602.0,19223.99,4806.0,795,8826.11
216,Matthew Cook,Middle East,2,2128.89,19160.0,9580.0,559,12510.55
127,Holly Bender,North America,2,2379.84,19038.71,9519.35,701,9913.17
505,Nathan Mccoy,South America,3,3150.79,18904.76,6301.59,1158,5958.75
307,Laura Swanson,Asia Pacific,2,2692.68,18848.77,9424.39,247,27853.45
685,Kim Tucker,Europe,4,2093.77,18843.89,4710.97,211,32597.25
561,Lisa Turner,Europe,5,3094.39,18566.34,3713.27,1384,4896.47
171,Angela Davis,Europe,3,2315.92,18527.35,6175.78,761,8886.31
762,Crystal Thomas,North America,2,4604.23,18416.92,9208.46,249,26996.69
592,Stephanie Mcclain,Asia Pacific,3,2611.84,18282.9,6094.3,1001,6666.59
272,Unknown Customer,Africa,3,2025.31,18227.82,6075.94,380,17508.3
151,Melissa Phelps,North America,2,2594.81,18163.65,9081.83,1093,6065.63
585,Steven Wilson,Asia Pacific,2,3613.3,18066.52,9033.26,1009,6535.46
322,Robert Love,Europe,1,3549.04,17745.19,17745.19,0,
605,Ethan Kelley,South America,3,2951.16,17706.96,5902.32,387,16700.36
263,Ryan Carney,Europe,1,3535.18,17675.89,17675.89,0,
757,Lisa Woods,Europe,2,1954.99,17594.9,8797.45,186,34527.63
103,Gregory Boyd,Africa,2,3515.02,17575.11,8787.56,483,13281.4
89,Todd Price,Middle East,2,1947.78,17530.03,8765.01,50,127969.22
301,Unknown Customer,Europe,1,2918.63,17511.8,17511.8,0,
146,Robert Flores,Asia Pacific,2,2909.18,17455.09,8727.55,757,8416.26
509,Felicia Thompson,Europe,2,2908.27,17449.65,8724.83,780,8165.54
159,Erica Moore,Africa,2,2491.76,17442.3,8721.15,857,7428.75
286,Rachel Morgan,Middle East,2,2471.93,17303.5,8651.75,736,8581.22
391,Martin Campos,North America,3,2882.92,17297.49,5765.83,591,10682.88
763,Richard Meadows,South America,3,2468.33,17278.28,5759.43,484,13030.11
229,Cameron Davis,Europe,2,2854.35,17126.1,8563.05,768,8139.36
527,Nicholas Gross,South America,1,2845.02,17070.11,17070.11,0,
348,Shane Starkñ,Africa,2,2416.14,16912.98,8456.49,788,7834.06
616,Kimberly Carr,Middle East,1,2809.16,16854.96,16854.96,0,
536,Kenneth Flores,Asia Pacific,3,2096.41,16771.32,5590.44,547,11191.1
107,Lauren Peterson,Unknown,1,4165.9,16663.62,16663.62,0,
172,Miguel Curry,Asia Pacific,3,1644.09,16440.94,5480.31,1205,4980.04
460,Unknown Customer,Africa,2,4075.09,16300.37,8150.19,444,13400.08
771,Michelle Nguyen,Africa,2,4049.19,16196.76,8098.38,163,36268.82
559,Charlotte Steele,North America,2,2694.22,16165.32,8082.66,146,40413.3
250,David Allen,South America,2,2302.94,16120.57,8060.28,512,11492.2
785,Jeff Fisher,South America,1,5320.51,15961.52,15961.52,0,
737,Michelle Olson,Europe,4,1435.04,15785.39,3946.35,756,7621.25
442,Kimberly Youngω,Middle East,3,1968.56,15748.46,5249.49,838,6859.41
753,Gina Olsen,North America,2,1968.04,15744.32,7872.16,239,24044.67
775,Alex Mills,Asia Pacific,2,2612.11,15672.65,7836.32,1313,4356.83
473,Jennifer Wang,Africa,2,1949.76,15598.09,7799.05,819,6951.53
614,Garrett Anderson,Africa,3,2589.15,15534.91,5178.3,1098,5164.15
628,Martin Saunders,North America,1,3864.85,15459.38,15459.38,0,
270,Nathan Hines,Asia Pacific,2,2546.96,15281.77,7640.89,311,17935.2
40,Jeff Brown,South America,3,2539.3,15235.83,5078.61,200,27805.39
388,Juan Daniels,South America,2,3028.99,15144.97,7572.48,339,16306.53
652,Kelly Thompson,Middle East,2,1883.31,15066.47,7533.23,844,6515.71
617,Paige Alexander,Asia Pacific,3,2145.29,15017.04,5005.68,1288,4255.61
335,Jose Ward,Middle East,2,2989.76,14948.78,7474.39,931,5860.69
196,Christopher Miller,Middle East,2,1850.36,14802.91,7401.45,71,76099.47
340,Michael Stark,Asia Pacific,1,3693.45,14773.8,14773.8,0,
422,Andrew Cooper,Middle East,3,2098.41,14688.89,4896.3,1088,4927.8
82,Kimberly Washington,Asia Pacific,2,3654.02,14616.07,7308.03,108,49396.9
342,Erin Love,Europe,1,2431.21,14587.29,14587.29,0,
177,Eric Perry,Middle East,1,2426.51,14559.04,14559.04,0,
339,Elizabeth Robinson,North America,3,3629.62,14518.48,4839.49,1050,5046.9
742,Jill Salas,South America,2,3625.48,14501.91,7250.95,341,15522.57
557,Justin Nichols,Asia Pacific,1,4828.74,14486.23,14486.23,0,
790,Unknown Customer,Middle East,1,7234.32,14468.64,14468.64,0,
720,Timothy Wood,North America,2,2059.73,14418.13,7209.06,422,12470.66
300,Paul Cole,Unknown,2,2868.04,14340.2,7170.1,486,10769.9
80,Lisa Mcclain,Middle East,1,2853.6,14268.0,14268.0,0,
122,Christopher Allen,Africa,2,2375.17,14251.04,7125.52,1096,4746.01
111,Michael Chavez,Africa,2,2034.52,14241.66,7120.83,77,67509.17
277,David Harris,Unknown,1,4730.46,14191.39,14191.39,0,
61,Jeffrey Velasquez,Africa,2,2004.29,14030.06,7015.03,355,14425.27
507,David Stein,Middle East,1,4675.65,14026.95,14026.95,0,
309,George Fuller,Middle East,1,3453.02,13812.06,13812.06,0,
5,Roberto Ramirez,Middle East,1,2294.26,13765.58,13765.58,0,
437,Kathleen Carter,South America,1,2735.86,13679.29,13679.29,0,
235,Chris Richard,Asia Pacific,1,4547.14,13641.41,13641.41,0,
180,Tammy Rush™,South America,2,2262.91,13577.48,6788.74,225,22025.69
745,Leslie Villanueva,North America,3,2241.75,13450.5,4483.5,565,8689.26
438,Stephen Newton,Europe,1,3326.38,13305.51,13305.51,0,
18,Allison Maddox,Africa,2,4426.35,13279.05,6639.52,950,5101.95
639,Tara Chavez,Africa,2,2647.49,13237.45,6618.73,472,10236.59
238,Erica Young,Africa,2,2195.59,13173.55,6586.77,505,9521.48
266,Danielle Moody,Asia Pacific,1,2174.42,13046.53,13046.53,0,
511,Nicole Mendoza,Middle East,2,1627.31,13018.48,6509.24,1185,4009.91
114,Jeremy White,Europe,2,1854.46,12981.19,6490.6,612,7742.05
212,Andrew Morse,Middle East,1,4321.55,12964.66,12964.66,0,
370,Tina Harrison,North America,2,3171.31,12685.23,6342.61,924,5010.94
155,Brandon Flynn,Africa,1,2533.22,12666.12,12666.12,0,
357,Kevin Thomas,North America,2,2106.89,12641.33,6320.66,1398,3300.49
109,Travis Mcguire,Asia Pacific,2,3159.9,12639.61,6319.81,504,9153.69
696,Amy Thompson,Middle East,1,4191.32,12573.96,12573.96,0,
273,Justin Hendricks,Unknown,1,3111.73,12446.93,12446.93,0,
59,Nicole Johnson,Middle East,2,2073.52,12441.11,6220.56,460,9871.75
611,Unknown Customer,Middle East,3,2475.72,12378.61,4126.2,821,5503.28
514,Paul White,Europe,1,2046.3,12277.78,12277.78,0,
581,Gina Little,Middle East,1,2446.52,12232.58,12232.58,0,
268,Kimberly Johnsonğ,North America,2,4069.66,12208.97,6104.48,208,21424.39
44,Alexandra Donovan,South America,2,3052.11,12208.46,6104.23,1250,3564.87
676,Amy Miller,North America,1,2388.27,11941.37,11941.37,0,
457,Brett Garrett,Africa,1,2365.08,11825.39,11825.39,0,
618,Katrina Ray,Africa,2,1961.81,11770.86,5885.43,793,5417.86
165,John Campos,South America,2,1451.39,11611.11,5805.56,236,17957.86
294,Lisa Peck,Asia Pacific,2,5804.4,11608.79,5804.4,461,9191.34
83,Joseph Flores,North America,2,2898.75,11594.99,5797.49,524,8076.66
748,Gregory Bray,Europe,1,2278.47,11392.37,11392.37,0,
414,Tanya Miles,Africa,2,3740.52,11221.57,5610.78,211,19411.72
17,Erin Carlson,South America,2,2234.07,11170.33,5585.16,1010,4036.8
355,Scott Fernandez,South America,1,3711.58,11134.74,11134.74,0,
299,Brandon Williams,South America,3,1847.52,11085.11,3695.04,785,5154.22
281,Erin Cooper,Middle East,1,5520.16,11040.33,11040.33,0,
97,Miguel Obrien,Europe,1,2157.45,10787.25,10787.25,0,
319,Jennifer Reed,Asia Pacific,1,2089.32,10446.62,10446.62,0,
573,Unknown Customer,Middle East,3,1472.73,10309.14,3436.38,986,3816.26
79,Elizabeth Travis,North America,2,2570.37,10281.48,5140.74,867,4328.42
291,Jessica Valencia,Middle East,2,1706.5,10238.99,5119.49,139,26886.56
223,Marie Jones,Europe,2,2552.09,10208.38,5104.19,151,24675.89
420,Michael Cooper,Africa,2,2014.21,10071.07,5035.53,72,51054.73
687,Charles Jones,Unknown,1,3320.37,9961.1,9961.1,0,
327,Tyler Zuniga,Asia Pacific,1,2485.17,9940.7,9940.7,0,
326,Nicole Thompson,Asia Pacific,2,4964.34,9928.68,4964.34,997,3634.87
219,Gregory Mejia,Africa,1,2463.46,9853.85,9853.85,0,
789,James Moss,Asia Pacific,1,4926.4,9852.8,9852.8,0,
724,Adam Davis,Middle East,2,3267.35,9802.04,4901.02,55,65049.9
244,Dylan Kim,North America,1,4891.32,9782.64,9782.64,0,
545,Unknown Customer,Asia Pacific,2,3258.8,9776.39,4888.19,340,10495.24
672,Patrick Short,South America,3,1618.25,9709.49,3236.5,290,12220.57
363,Mark Miller,Europe,1,4839.02,9678.04,9678.04,0,
638,Tiffany Moon,Asia Pacific,1,4805.44,9610.88,9610.88,0,
136,Brett Adams,Asia Pacific,1,4747.68,9495.36,9495.36,0,
52,Cynthia Calderon,Africa,4,1552.73,9316.35,2329.09,1046,3250.93
722,Julie Griffin,North America,2,3089.27,9267.8,4633.9,106,31912.71
190,Charles Miller,Middle East,2,3069.37,9208.12,4604.06,904,3717.88
459,Sean Smith,North America,2,3001.11,9003.32,4501.66,668,4919.48
257,Crystal Cain,Asia Pacific,2,1279.09,8953.65,4476.82,212,15415.48
11,Jessica Martin,Europe,1,2237.79,8951.17,8951.17,0,
231,Donald Bailey,Africa,2,2961.91,8885.73,4442.86,313,10361.95
346,Unknown Customer,Africa,2,1461.9,8771.37,4385.69,48,66698.96
479,Unknown Customer,Middle East,1,2856.84,8570.53,8570.53,0,
486,Emily Williams,Unknown,1,2736.71,8210.12,8210.12,0,
609,Morgan Phelps,Europe,1,2658.7,7976.11,7976.11,0,
800,Unknown Customer,South America,1,1969.68,7878.74,7878.74,0,
53,Tina Martin,Asia Pacific,2,2575.67,7727.01,3863.51,338,8344.26
26,Rodney Lewis,Asia Pacific,1,3702.3,7404.6,7404.6,0,
489,Micheal Bonilla,North America,2,1850.7,7402.82,3701.41,376,7186.25
538,Patricia Bush,Asia Pacific,1,3652.54,7305.08,7305.08,0,
471,Gerald Ruiz,Asia Pacific,2,2369.12,7107.37,3553.68,424,6118.37
110,Elizabeth Wood,Middle East,2,3549.01,7098.02,3549.01,180,14393.21
715,Katie Kent,North America,1,1738.7,6954.78,6954.78,0,
504,Laura Martinez,South America,2,1384.93,6924.66,3462.33,250,10110.0
108,Christopher Cortez,Asia Pacific,2,2199.34,6598.02,3299.01,317,7597.09
472,Jose Williams,North America,2,1088.53,6531.2,3265.6,89,26785.26
670,Adam Cortez,Europe,1,2166.44,6499.31,6499.31,0,
121,Brian Choi,Middle East,1,3145.66,6291.32,6291.32,0,
295,Wendy Owens,Asia Pacific,1,1525.11,6100.42,6100.42,0,
623,Tara Williams,Africa,2,1444.78,5779.12,2889.56,280,7533.5
184,Vanessa Fernandez,Europe,1,1903.52,5710.56,5710.56,0,
780,Kathy Kent,Asia Pacific,1,5681.16,5681.16,5681.16,0,
510,Edgar Mendez,Africa,2,1857.97,5573.92,2786.96,1287,1580.79
343,Brian Anderson,South America,3,909.12,5454.72,1818.24,547,3639.8
58,Eric Spears,Europe,1,2679.18,5358.36,5358.36,0,
764,Denise Page,Asia Pacific,1,1292.23,5168.94,5168.94,0,
467,Jamie Lawson,Asia Pacific,1,5133.78,5133.78,5133.78,0,
767,Garrett Garcia,North America,2,1660.34,4981.03,2490.51,1163,1563.26
523,Marcus Johnson,Asia Pacific,1,954.88,4774.39,4774.39,0,
371,Robert Hart,North America,2,2341.97,4683.94,2341.97,160,10685.24
387,Heather Knight,Europe,1,2310.57,4621.15,4621.15,0,
434,Leonard Hayes™,Middle East,2,1107.65,4430.6,2215.3,9,179685.44
470,David Valenciañ,South America,1,4306.08,4306.08,4306.08,0,
480,Alexandria Baker,North America,1,2102.17,4204.34,4204.34,0,
717,Adrian Pena,South America,1,4083.33,4083.33,4083.33,0,
100,Melissa Burke,Europe,1,4046.0,4046.0,4046.0,0,
450,Stephanie Murphy,Europe,2,1972.21,3944.42,1972.21,129,11160.57
566,Ashley Thompson,Europe,1,3857.23,3857.23,3857.23,0,
325,Audrey Nichols,North America,1,3646.0,3646.0,3646.0,0,
9,Melissa Delacruz,Africa,2,1211.49,3634.46,1817.23,1093,1213.7
649,Paul Frye,Middle East,2,1672.03,3344.05,1672.03,268,4554.4
188,Bradley Logan,Europe,1,3305.7,3305.7,3305.7,0,
738,Jeffrey Haynes,North America,1,1069.73,3209.18,3209.18,0,
321,John Williams,Asia Pacific,1,731.98,2927.9,2927.9,0,
338,Vanessa Brooks,Middle East,1,2646.06,2646.06,2646.06,0,
756,Anna Bradley,North America,1,2537.1,2537.1,2537.1,0,
201,Lindsay Bruce,Africa,1,2194.0,2194.0,2194.0,0,
290,Scott Washington,South America,2,1080.01,2160.03,1080.02,257,3067.75
563,Joseph Butler,North America,1,1063.13,2126.27,2126.27,0,
575,William Bates,Africa,1,604.66,1209.33,1209.33,0,
754,Melissa Gonzalez,Africa,1,1104.0,1104.0,1104.0,0,
407,Raymond Flores,South America,1,527.16,1054.32,1054.32,0,
640,Kaitlyn Evansñ,North America,1,755.76,755.76,755.76,0,
194,Robert Wilcox,Africa,1,664.2,664.2,664.2,0,
403,Kevin Patton,Middle East,1,625.14,625.14,625.14,0,
150,Eric Harrison,Africa,1,587.97,587.97,587.97,0,
62,Andrew Lee,North America,1,448.64,448.64,448.64,0,
262,Tyler Jimenez,Middle East,1,345.26,345.26,345.26,0,
695,Bill Wong😀,Africa,1,335.92,335.92,335.92,0,
154,Cynthia Brennan,South America,1,261.8,261.8,261.8,0,
71,Diana Marshall,Africa,1,105.86,105.86,105.86,0,
