month_key,category,revenue,avg_category_revenue,delta_vs_average
2022-08,Automotive,33358.73,15392.33,17966.4
2022-08,Office,22460.91,15392.33,7068.58
2022-08,Clothing,19111.53,15392.33,3719.2
2022-08,Home & Kitchen,18552.27,15392.33,3159.94
2022-08,Electronics,18041.33,15392.33,2649.0
2022-08,Beauty,15134.57,15392.33,-257.76
2022-08,Sports,11707.62,15392.33,-3684.71
2022-08,Toys,10568.79,15392.33,-4823.54
2022-08,Grocery,8842.34,15392.33,-6549.99
2022-08,Books,6896.04,15392.33,-8496.29
2022-08,Uncategorized,4641.54,15392.33,-10750.79
2022-09,Electronics,71778.2,44831.69,26946.51
2022-09,Books,58648.24,44831.69,13816.55
2022-09,Office,53217.78,44831.69,8386.09
2022-09,Clothing,51769.72,44831.69,6938.03
2022-09,Sports,46469.78,44831.69,1638.09
2022-09,Grocery,43700.23,44831.69,-1131.46
2022-09,Automotive,42714.84,44831.69,-2116.85
2022-09,Home & Kitchen,36791.57,44831.69,-8040.12
2022-09,Beauty,23137.46,44831.69,-21694.23
2022-09,Toys,20089.07,44831.69,-24742.62
2022-10,Toys,86042.81,45937.55,40105.26
2022-10,Electronics,71528.92,45937.55,25591.37
2022-10,Books,61620.94,45937.55,15683.39
2022-10,Home & Kitchen,52903.41,45937.55,6965.86
2022-10,Beauty,51483.99,45937.55,5546.44
2022-10,Clothing,48664.68,45937.55,2727.13
2022-10,Automotive,41078.04,45937.55,-4859.51
2022-10,Grocery,35256.18,45937.55,-10681.37
2022-10,Office,34355.97,45937.55,-11581.58
2022-10,Sports,21787.85,45937.55,-24149.7
2022-10,Uncategorized,590.3,45937.55,-45347.25
2022-11,Toys,80665.2,52675.12,27990.08
2022-11,Beauty,74315.06,52675.12,21639.94
2022-11,Electronics,66228.74,52675.12,13553.62
2022-11,Books,62828.77,52675.12,10153.65
2022-11,Sports,62041.23,52675.12,9366.11
2022-11,Grocery,59554.21,52675.12,6879.09
2022-11,Office,54829.5,52675.12,2154.38
2022-11,Automotive,45998.06,52675.12,-6677.06
2022-11,Clothing,40697.04,52675.12,-11978.08
2022-11,Home & Kitchen,22190.52,52675.12,-30484.6
2022-11,Uncategorized,10077.96,52675.12,-42597.16
2022-12,Automotive,58949.69,43324.92,15624.77
2022-12,Office,52071.12,43324.92,8746.2
2022-12,Beauty,50928.66,43324.92,7603.74
2022-12,Toys,49541.71,43324.92,6216.79
2022-12,Books,49479.94,43324.92,6155.02
2022-12,Electronics,45154.29,43324.92,1829.37
2022-12,Home & Kitchen,40596.88,43324.92,-2728.04
2022-12,Grocery,33968.58,43324.92,-9356.34
2022-12,Sports,32034.13,43324.92,-11290.79
2022-12,Clothing,20524.22,43324.92,-22800.7
2023-01,Electronics,72176.5,47416.69,24759.81
2023-01,Books,62871.19,47416.69,15454.5
2023-01,Grocery,58349.98,47416.69,10933.29
2023-01,Toys,54313.05,47416.69,6896.36
2023-01,Automotive,52571.97,47416.69,5155.28
2023-01,Sports,49199.32,47416.69,1782.63
2023-01,Clothing,36218.47,47416.69,-11198.22
2023-01,Office,32820.77,47416.69,-14595.92
2023-01,Beauty,30925.7,47416.69,-16490.99
2023-01,Home & Kitchen,24719.94,47416.69,-22696.75
2023-02,Electronics,85689.21,44737.79,40951.42
2023-02,Toys,57822.56,44737.79,13084.77
2023-02,Automotive,56414.65,44737.79,11676.86
2023-02,Home & Kitchen,54957.62,44737.79,10219.83
2023-02,Books,48990.62,44737.79,4252.83
2023-02,Clothing,43509.07,44737.79,-1228.72
2023-02,Sports,43163.5,44737.79,-1574.29
2023-02,Beauty,41281.05,44737.79,-3456.74
2023-02,Grocery,31564.34,44737.79,-13173.45
2023-02,Office,17787.24,44737.79,-26950.55
2023-02,Uncategorized,10935.83,44737.79,-33801.96
2023-03,Books,99459.82,74271.66,25188.16
2023-03,Electronics,91254.49,74271.66,16982.83
2023-03,Home & Kitchen,89366.23,74271.66,15094.57
2023-03,Clothing,84429.59,74271.66,10157.93
2023-03,Office,83696.08,74271.66,9424.42
2023-03,Sports,80646.69,74271.66,6375.03
2023-03,Grocery,77749.98,74271.66,3478.32
2023-03,Automotive,74193.18,74271.66,-78.48
2023-03,Toys,69002.66,74271.66,-5269.0
2023-03,Beauty,55004.65,74271.66,-19267.01
2023-03,Uncategorized,12184.84,74271.66,-62086.82
2023-04,Books,53872.73,34617.14,19255.59
2023-04,Electronics,53145.07,34617.14,18527.93
2023-04,Home & Kitchen,44721.25,34617.14,10104.11
2023-04,Office,42346.4,34617.14,7729.26
2023-04,Automotive,38833.73,34617.14,4216.59
2023-04,Clothing,38567.92,34617.14,3950.78
2023-04,Sports,37058.96,34617.14,2441.82
2023-04,Grocery,28696.3,34617.14,-5920.84
2023-04,Toys,21716.74,34617.14,-12900.4
2023-04,Beauty,16258.71,34617.14,-18358.43
2023-04,Uncategorized,5570.74,34617.14,-29046.4
2023-05,Books,79652.99,47816.03,31836.96
2023-05,Toys,69709.1,47816.03,21893.07
2023-05,Beauty,63540.67,47816.03,15724.64
2023-05,Electronics,61624.67,47816.03,13808.64
2023-05,Automotive,54630.34,47816.03,6814.31
2023-05,Office,51085.71,47816.03,3269.68
2023-05,Clothing,40230.52,47816.03,-7585.51
2023-05,Grocery,33252.26,47816.03,-14563.77
2023-05,Home & Kitchen,30325.1,47816.03,-17490.93
2023-05,Sports,29428.47,47816.03,-18387.56
2023-05,Uncategorized,12496.52,47816.03,-35319.51
2023-06,Toys,74713.38,50070.32,24643.06
2023-06,Electronics,69029.04,50070.32,18958.72
2023-06,Home & Kitchen,54099.89,50070.32,4029.57
2023-06,Office,51706.41,50070.32,1636.09
2023-06,Sports,49142.74,50070.32,-927.58
2023-06,Grocery,47207.63,50070.32,-2862.69
2023-06,Automotive,45998.21,50070.32,-4072.11
2023-06,Books,45529.88,50070.32,-4540.44
2023-06,Beauty,40852.44,50070.32,-9217.88
2023-06,Clothing,22423.57,50070.32,-27646.75
2023-07,Books,57948.12,32583.21,25364.91
2023-07,Toys,49608.36,32583.21,17025.15
2023-07,Sports,48736.47,32583.21,16153.26
2023-07,Clothing,39152.83,32583.21,6569.62
2023-07,Office,35141.49,32583.21,2558.28
2023-07,Home & Kitchen,32398.78,32583.21,-184.43
2023-07,Electronics,25657.8,32583.21,-6925.41
2023-07,Grocery,24769.93,32583.21,-7813.28
2023-07,Automotive,22990.97,32583.21,-9592.24
2023-07,Beauty,20519.44,32583.21,-12063.77
2023-07,Uncategorized,1491.1,32583.21,-31092.11
2023-08,Electronics,69082.98,45466.88,23616.1
2023-08,Books,65195.23,45466.88,19728.35
2023-08,Toys,63389.18,45466.88,17922.3
2023-08,Office,62353.08,45466.88,16886.2
2023-08,Clothing,53307.29,45466.88,7840.41
2023-08,Beauty,44076.94,45466.88,-1389.94
2023-08,Automotive,43725.83,45466.88,-1741.05
2023-08,Home & Kitchen,37522.23,45466.88,-7944.65
2023-08,Sports,28349.66,45466.88,-17117.22
2023-08,Grocery,21462.42,45466.88,-24004.46
2023-08,Uncategorized,11670.87,45466.88,-33796.01
2023-09,Electronics,45237.88,27989.66,17248.22
2023-09,Books,44109.65,27989.66,16119.99
2023-09,Beauty,43516.71,27989.66,15527.05
2023-09,Clothing,42296.85,27989.66,14307.19
2023-09,Toys,28600.0,27989.66,610.34
2023-09,Office,27662.08,27989.66,-327.58
2023-09,Grocery,26053.75,27989.66,-1935.91
2023-09,Automotive,22916.96,27989.66,-5072.7
2023-09,Home & Kitchen,20157.99,27989.66,-7831.67
2023-09,Sports,3882.23,27989.66,-24107.43
2023-09,Uncategorized,3452.16,27989.66,-24537.5
2023-10,Books,84936.1,47387.08,37549.02
2023-10,Sports,69259.8,47387.08,21872.72
2023-10,Automotive,62814.1,47387.08,15427.02
2023-10,Electronics,57332.83,47387.08,9945.75
2023-10,Toys,52227.62,47387.08,4840.54
2023-10,Home & Kitchen,50269.73,47387.08,2882.65
2023-10,Clothing,49426.59,47387.08,2039.51
2023-10,Office,36767.09,47387.08,-10619.99
2023-10,Beauty,35128.16,47387.08,-12258.92
2023-10,Grocery,21930.11,47387.08,-25456.97
2023-10,Uncategorized,1165.74,47387.08,-46221.34
2023-11,Clothing,93147.44,63470.79,29676.65
2023-11,Electronics,79461.96,63470.79,15991.17
2023-11,Home & Kitchen,75787.2,63470.79,12316.41
2023-11,Toys,68585.45,63470.79,5114.66
2023-11,Books,63001.01,63470.79,-469.78
2023-11,Automotive,55876.73,63470.79,-7594.06
2023-11,Office,55393.38,63470.79,-8077.41
2023-11,Beauty,53900.23,63470.79,-9570.56
2023-11,Sports,51403.49,63470.79,-12067.3
2023-11,Grocery,38151.02,63470.79,-25319.77
2023-12,Beauty,92717.17,50131.05,42586.12
2023-12,Electronics,86175.19,50131.05,36044.14
2023-12,Grocery,67359.27,50131.05,17228.22
2023-12,Sports,60123.59,50131.05,9992.54
2023-12,Automotive,59827.12,50131.05,9696.07
2023-12,Office,50716.65,50131.05,585.6
2023-12,Home & Kitchen,38930.33,50131.05,-11200.72
2023-12,Clothing,36134.43,50131.05,-13996.62
2023-12,Toys,32766.71,50131.05,-17364.34
2023-12,Books,21330.6,50131.05,-28800.45
2023-12,Uncategorized,5360.45,50131.05,-44770.6
2024-01,Home & Kitchen,70685.49,42493.15,28192.34
2024-01,Office,69733.76,42493.15,27240.61
2024-01,Beauty,50682.6,42493.15,8189.45
2024-01,Automotive,44419.71,42493.15,1926.56
2024-01,Grocery,43099.22,42493.15,606.07
2024-01,Sports,43025.04,42493.15,531.89
2024-01,Electronics,42115.03,42493.15,-378.12
2024-01,Toys,41055.82,42493.15,-1437.33
2024-01,Books,28532.8,42493.15,-13960.35
2024-01,Clothing,27599.08,42493.15,-14894.07
2024-01,Uncategorized,6476.11,42493.15,-36017.04
2024-02,Electronics,112494.33,50857.25,61637.08
2024-02,Toys,79601.92,50857.25,28744.67
2024-02,Books,72772.04,50857.25,21914.79
2024-02,Sports,56003.33,50857.25,5146.08
2024-02,Automotive,47340.19,50857.25,-3517.06
2024-02,Clothing,46458.73,50857.25,-4398.52
2024-02,Grocery,38093.72,50857.25,-12763.53
2024-02,Home & Kitchen,37083.52,50857.25,-13773.73
2024-02,Office,36890.54,50857.25,-13966.71
2024-02,Beauty,31526.4,50857.25,-19330.85
2024-02,Uncategorized,1165.03,50857.25,-49692.22
2024-03,Office,53480.7,26985.52,26495.18
2024-03,Sports,42376.39,26985.52,15390.87
2024-03,Beauty,38098.77,26985.52,11113.25
2024-03,Home & Kitchen,29458.11,26985.52,2472.59
2024-03,Electronics,26486.95,26985.52,-498.57
2024-03,Clothing,26391.65,26985.52,-593.87
2024-03,Toys,26110.19,26985.52,-875.33
2024-03,Books,23899.04,26985.52,-3086.48
2024-03,Automotive,22652.95,26985.52,-4332.57
2024-03,Grocery,7667.93,26985.52,-19317.59
2024-03,Uncategorized,218.05,26985.52,-26767.47
2024-04,Toys,57098.79,39143.28,17955.51
2024-04,Clothing,52033.69,39143.28,12890.41
2024-04,Books,52014.16,39143.28,12870.88
2024-04,Beauty,49734.65,39143.28,10591.37
2024-04,Sports,46962.96,39143.28,7819.68
2024-04,Electronics,45468.97,39143.28,6325.69
2024-04,Office,45373.58,39143.28,6230.3
2024-04,Grocery,31536.44,39143.28,-7606.84
2024-04,Home & Kitchen,27064.37,39143.28,-12078.91
2024-04,Automotive,16572.8,39143.28,-22570.48
2024-04,Uncategorized,6715.69,39143.28,-32427.59
2024-05,Electronics,93495.57,47778.38,45717.19
2024-05,Clothing,67425.86,47778.38,19647.48
2024-05,Office,63319.92,47778.38,15541.54
2024-05,Toys,55889.45,47778.38,8111.07
2024-05,Sports,55189.99,47778.38,7411.61
2024-05,Beauty,44836.03,47778.38,-2942.35
2024-05,Grocery,44498.25,47778.38,-3280.13
2024-05,Automotive,23809.75,47778.38,-23968.63
2024-05,Books,18165.46,47778.38,-29612.92
2024-05,Home & Kitchen,11153.48,47778.38,-36624.9
2024-06,Toys,76168.93,47073.81,29095.12
2024-06,Electronics,73439.64,47073.81,26365.83
2024-06,Office,69581.34,47073.81,22507.53
2024-06,Sports,60723.97,47073.81,13650.16
2024-06,Beauty,52942.38,47073.81,5868.57
2024-06,Books,38342.85,47073.81,-8730.96
2024-06,Home & Kitchen,36407.4,47073.81,-10666.41
2024-06,Automotive,34170.17,47073.81,-12903.64
2024-06,Grocery,33810.49,47073.81,-13263.32
2024-06,Clothing,33792.54,47073.81,-13281.27
2024-06,Uncategorized,8432.24,47073.81,-38641.57
2024-07,Toys,99718.83,47717.01,52001.82
2024-07,Grocery,69880.64,47717.01,22163.63
2024-07,Office,66401.26,47717.01,18684.25
2024-07,Clothing,64254.42,47717.01,16537.41
2024-07,Books,54746.47,47717.01,7029.46
2024-07,Electronics,50279.41,47717.01,2562.4
2024-07,Sports,42946.38,47717.01,-4770.63
2024-07,Beauty,32871.15,47717.01,-14845.86
2024-07,Home & Kitchen,24218.89,47717.01,-23498.12
2024-07,Automotive,18254.96,47717.01,-29462.05
2024-07,Uncategorized,1314.74,47717.01,-46402.27
2024-08,Office,70960.42,50169.35,20791.07
2024-08,Toys,67799.06,50169.35,17629.71
2024-08,Electronics,62697.57,50169.35,12528.22
2024-08,Clothing,61285.22,50169.35,11115.87
2024-08,Books,53078.3,50169.35,2908.95
2024-08,Grocery,53022.23,50169.35,2852.88
2024-08,Sports,51278.75,50169.35,1109.4
2024-08,Automotive,46356.37,50169.35,-3812.98
2024-08,Beauty,43596.58,50169.35,-6572.77
2024-08,Home & Kitchen,40354.59,50169.35,-9814.76
2024-08,Uncategorized,1433.81,50169.35,-48735.54
2024-09,Toys,96879.65,54582.09,42297.56
2024-09,Electronics,89243.41,54582.09,34661.32
2024-09,Office,79477.08,54582.09,24894.99
2024-09,Grocery,61415.21,54582.09,6833.12
2024-09,Books,61078.57,54582.09,6496.48
2024-09,Automotive,50581.29,54582.09,-4000.8
2024-09,Beauty,50083.46,54582.09,-4498.63
2024-09,Sports,45672.59,54582.09,-8909.5
2024-09,Clothing,37146.62,54582.09,-17435.47
2024-09,Home & Kitchen,20899.73,54582.09,-33682.36
2024-09,Uncategorized,7925.34,54582.09,-46656.75
2024-10,Electronics,85583.57,49967.64,35615.93
2024-10,Books,80652.97,49967.64,30685.33
2024-10,Home & Kitchen,59249.49,49967.64,9281.85
2024-10,Sports,59036.71,49967.64,9069.07
2024-10,Toys,53913.25,49967.64,3945.61
2024-10,Office,51692.27,49967.64,1724.63
2024-10,Clothing,51449.05,49967.64,1481.41
2024-10,Beauty,41346.91,49967.64,-8620.73
2024-10,Automotive,33693.2,49967.64,-16274.44
2024-10,Grocery,29203.53,49967.64,-20764.11
2024-10,Uncategorized,3823.14,49967.64,-46144.5
2024-11,Office,94988.84,58202.48,36786.36
2024-11,Books,91781.25,58202.48,33578.77
2024-11,Clothing,89875.21,58202.48,31672.73
2024-11,Home & Kitchen,55106.31,58202.48,-3096.17
2024-11,Toys,54785.03,58202.48,-3417.45
2024-11,Electronics,54456.12,58202.48,-3746.36
2024-11,Automotive,53726.91,58202.48,-4475.57
2024-11,Sports,53068.3,58202.48,-5134.18
2024-11,Grocery,49141.13,58202.48,-9061.35
2024-11,Beauty,23898.29,58202.48,-34304.19
2024-11,Uncategorized,19399.87,58202.48,-38802.61
2024-12,Office,63086.82,45686.94,17399.88
2024-12,Beauty,53082.24,45686.94,7395.3
2024-12,Clothing,50832.51,45686.94,5145.57
2024-12,Electronics,50354.75,45686.94,4667.81
2024-12,Grocery,49269.64,45686.94,3582.7
2024-12,Sports,48956.83,45686.94,3269.89
2024-12,Automotive,47318.4,45686.94,1631.46
2024-12,Books,47009.6,45686.94,1322.66
2024-12,Toys,45593.75,45686.94,-93.19
2024-12,Home & Kitchen,42129.54,45686.94,-3557.4
2024-12,Uncategorized,4922.28,45686.94,-40764.66
2025-01,Electronics,83538.82,55354.99,28183.83
2025-01,Sports,72870.9,55354.99,17515.91
2025-01,Toys,67406.11,55354.99,12051.12
2025-01,Automotive,62878.96,55354.99,7523.97
2025-01,Books,59631.97,55354.99,4276.98
2025-01,Home & Kitchen,55244.08,55354.99,-110.91
2025-01,Beauty,40381.42,55354.99,-14973.57
2025-01,Grocery,38913.57,55354.99,-16441.42
2025-01,Clothing,36474.01,55354.99,-18880.98
2025-01,Office,36210.01,55354.99,-19144.98
2025-02,Books,75779.53,36893.93,38885.6
2025-02,Beauty,49881.38,36893.93,12987.45
2025-02,Electronics,47673.97,36893.93,10780.04
2025-02,Clothing,45360.37,36893.93,8466.44
2025-02,Toys,41765.77,36893.93,4871.84
2025-02,Automotive,32823.38,36893.93,-4070.55
2025-02,Sports,32518.87,36893.93,-4375.06
2025-02,Office,28071.16,36893.93,-8822.77
2025-02,Grocery,24994.14,36893.93,-11899.79
2025-02,Home & Kitchen,14023.42,36893.93,-22870.51
2025-02,Uncategorized,12941.21,36893.93,-23952.72
2025-03,Toys,94622.53,53065.38,41557.15
2025-03,Electronics,78701.77,53065.38,25636.39
2025-03,Sports,65139.04,53065.38,12073.66
2025-03,Books,61628.85,53065.38,8563.47
2025-03,Beauty,51659.58,53065.38,-1405.8
2025-03,Automotive,50517.34,53065.38,-2548.04
2025-03,Clothing,50295.67,53065.38,-2769.71
2025-03,Office,47546.33,53065.38,-5519.05
2025-03,Grocery,36085.91,53065.38,-16979.47
2025-03,Home & Kitchen,33372.09,53065.38,-19693.29
2025-03,Uncategorized,14150.08,53065.38,-38915.3
2025-04,Clothing,68253.73,46230.13,22023.6
2025-04,Sports,60920.8,46230.13,14690.67
2025-04,Toys,59604.48,46230.13,13374.35
2025-04,Beauty,52093.09,46230.13,5862.96
2025-04,Electronics,51396.87,46230.13,5166.74
2025-04,Grocery,47248.34,46230.13,1018.21
2025-04,Office,45484.49,46230.13,-745.64
2025-04,Automotive,42524.28,46230.13,-3705.85
2025-04,Books,42063.31,46230.13,-4166.82
2025-04,Home & Kitchen,28466.25,46230.13,-17763.88
2025-04,Uncategorized,10475.79,46230.13,-35754.34
2025-05,Toys,96449.36,56951.67,39497.69
2025-05,Electronics,83092.35,56951.67,26140.68
2025-05,Clothing,73638.14,56951.67,16686.47
2025-05,Sports,71477.08,56951.67,14525.41
2025-05,Automotive,65086.21,56951.67,8134.54
2025-05,Beauty,59074.93,56951.67,2123.26
2025-05,Office,56595.4,56951.67,-356.27
2025-05,Grocery,49729.78,56951.67,-7221.89
2025-05,Books,42928.28,56951.67,-14023.39
2025-05,Home & Kitchen,23733.61,56951.67,-33218.06
2025-05,Uncategorized,4663.2,56951.67,-52288.47
2025-06,Books,91483.26,58760.83,32722.43
2025-06,Office,84426.42,58760.83,25665.59
2025-06,Toys,75952.79,58760.83,17191.96
2025-06,Home & Kitchen,74604.71,58760.83,15843.88
2025-06,Grocery,67299.53,58760.83,8538.7
2025-06,Sports,66899.88,58760.83,8139.05
2025-06,Beauty,62644.87,58760.83,3884.04
2025-06,Electronics,52875.13,58760.83,-5885.7
2025-06,Clothing,41483.8,58760.83,-17277.03
2025-06,Automotive,25316.14,58760.83,-33444.69
2025-06,Uncategorized,3382.59,58760.83,-55378.24
2025-07,Office,114750.81,60640.33,54110.48
2025-07,Electronics,102727.25,60640.33,42086.92
2025-07,Clothing,70631.41,60640.33,9991.08
2025-07,Home & Kitchen,68016.44,60640.33,7376.11
2025-07,Toys,57354.48,60640.33,-3285.85
2025-07,Grocery,54078.8,60640.33,-6561.53
2025-07,Books,51632.95,60640.33,-9007.38
2025-07,Beauty,50690.15,60640.33,-9950.18
2025-07,Sports,41066.21,60640.33,-19574.12
2025-07,Automotive,36368.02,60640.33,-24272.31
2025-07,Uncategorized,19727.09,60640.33,-40913.24
2025-08,Electronics,70552.74,43800.04,26752.7
2025-08,Grocery,60200.95,43800.04,16400.91
2025-08,Toys,58376.09,43800.04,14576.05
2025-08,Automotive,50523.76,43800.04,6723.72
2025-08,Sports,43588.48,43800.04,-211.56
2025-08,Books,39150.59,43800.04,-4649.45
2025-08,Home & Kitchen,37370.66,43800.04,-6429.38
2025-08,Clothing,32949.9,43800.04,-10850.14
2025-08,Office,26076.46,43800.04,-17723.58
2025-08,Beauty,19210.8,43800.04,-24589.24
2025-09,Sports,71523.39,39108.09,32415.3
2025-09,Electronics,60797.27,39108.09,21689.18
2025-09,Home & Kitchen,56055.69,39108.09,16947.6
2025-09,Toys,46679.12,39108.09,7571.03
2025-09,Office,43986.55,39108.09,4878.46
2025-09,Automotive,37399.19,39108.09,-1708.9
2025-09,Beauty,32113.71,39108.09,-6994.38
2025-09,Grocery,29835.03,39108.09,-9273.06
2025-09,Books,24968.95,39108.09,-14139.14
2025-09,Clothing,16368.25,39108.09,-22739.84
2025-09,Uncategorized,10461.85,39108.09,-28646.24
2025-10,Toys,77520.43,34791.58,42728.85
2025-10,Grocery,46641.72,34791.58,11850.14
2025-10,Books,46152.69,34791.58,11361.11
2025-10,Home & Kitchen,44564.89,34791.58,9773.31
2025-10,Clothing,40977.91,34791.58,6186.33
2025-10,Beauty,37162.54,34791.58,2370.96
2025-10,Electronics,26274.72,34791.58,-8516.86
2025-10,Office,23923.8,34791.58,-10867.78
2025-10,Sports,23236.5,34791.58,-11555.08
2025-10,Automotive,13788.01,34791.58,-21003.57
2025-10,Uncategorized,2464.21,34791.58,-32327.37
2025-11,Toys,77765.5,49828.68,27936.82
2025-11,Sports,70095.76,49828.68,20267.08
2025-11,Books,68464.37,49828.68,18635.69
2025-11,Office,61407.49,49828.68,11578.81
2025-11,Clothing,50750.11,49828.68,921.43
2025-11,Grocery,48578.24,49828.68,-1250.44
2025-11,Automotive,47919.74,49828.68,-1908.94
2025-11,Beauty,46601.77,49828.68,-3226.91
2025-11,Electronics,37485.04,49828.68,-12343.64
2025-11,Home & Kitchen,27618.26,49828.68,-22210.42
2025-11,Uncategorized,11429.17,49828.68,-38399.51
2025-12,Toys,76286.04,44669.56,31616.48
2025-12,Books,64117.02,44669.56,19447.46
2025-12,Grocery,61871.74,44669.56,17202.18
2025-12,Automotive,55467.62,44669.56,10798.06
2025-12,Office,48177.79,44669.56,3508.23
2025-12,Clothing,46293.93,44669.56,1624.37
2025-12,Beauty,38643.29,44669.56,-6026.27
2025-12,Electronics,36291.82,44669.56,-8377.74
2025-12,Sports,29932.75,44669.56,-14736.81
2025-12,Home & Kitchen,24009.71,44669.56,-20659.85
2025-12,Uncategorized,10273.48,44669.56,-34396.08
2026-01,Toys,83895.78,42177.96,41717.82
2026-01,Grocery,58734.75,42177.96,16556.79
2026-01,Beauty,50540.55,42177.96,8362.59
2026-01,Automotive,49739.95,42177.96,7561.99
2026-01,Clothing,41714.18,42177.96,-463.78
2026-01,Home & Kitchen,39069.64,42177.96,-3108.32
2026-01,Books,35412.55,42177.96,-6765.41
2026-01,Sports,34987.93,42177.96,-7190.03
2026-01,Electronics,20986.37,42177.96,-21191.59
2026-01,Office,6697.85,42177.96,-35480.11
2026-02,Office,88866.61,46050.44,42816.17
2026-02,Books,72092.29,46050.44,26041.85
2026-02,Sports,57522.16,46050.44,11471.72
2026-02,Electronics,54694.0,46050.44,8643.56
2026-02,Toys,52753.07,46050.44,6702.63
2026-02,Beauty,50132.79,46050.44,4082.35
2026-02,Grocery,43302.22,46050.44,-2748.22
2026-02,Automotive,33492.79,46050.44,-12557.65
2026-02,Home & Kitchen,28990.86,46050.44,-17059.58
2026-02,Clothing,22507.12,46050.44,-23543.32
2026-02,Uncategorized,2200.88,46050.44,-43849.56
2026-03,Office,61467.14,41823.71,19643.43
2026-03,Clothing,61049.17,41823.71,19225.46
2026-03,Beauty,50113.13,41823.71,8289.42
2026-03,Automotive,49999.36,41823.71,8175.65
2026-03,Electronics,41341.36,41823.71,-482.35
2026-03,Books,39802.74,41823.71,-2020.97
2026-03,Toys,39500.09,41823.71,-2323.62
2026-03,Sports,33511.46,41823.71,-8312.25
2026-03,Home & Kitchen,22257.97,41823.71,-19565.74
2026-03,Grocery,19194.71,41823.71,-22629.0
2026-04,Sports,65210.02,37736.2,27473.82
2026-04,Office,65089.21,37736.2,27353.01
2026-04,Toys,55762.78,37736.2,18026.58
2026-04,Clothing,47013.49,37736.2,9277.29
2026-04,Electronics,41781.85,37736.2,4045.65
2026-04,Automotive,35960.86,37736.2,-1775.34
2026-04,Beauty,30109.22,37736.2,-7626.98
2026-04,Books,28298.46,37736.2,-9437.74
2026-04,Home & Kitchen,24571.01,37736.2,-13165.19
2026-04,Uncategorized,10908.06,37736.2,-26828.14
2026-04,Grocery,10393.26,37736.2,-27342.94
2026-05,Office,74943.16,47364.4,27578.76
2026-05,Clothing,61855.31,47364.4,14490.91
2026-05,Home & Kitchen,56335.06,47364.4,8970.66
2026-05,Toys,56225.1,47364.4,8860.7
2026-05,Sports,52407.37,47364.4,5042.97
2026-05,Electronics,44231.35,47364.4,-3133.05
2026-05,Beauty,43100.07,47364.4,-4264.33
2026-05,Grocery,31698.59,47364.4,-15665.81
2026-05,Books,27686.34,47364.4,-19678.06
2026-05,Automotive,25161.6,47364.4,-22202.8
2026-06,Books,76219.54,40802.85,35416.69
2026-06,Office,71749.69,40802.85,30946.84
2026-06,Electronics,55668.31,40802.85,14865.46
2026-06,Toys,48345.22,40802.85,7542.37
2026-06,Clothing,43685.73,40802.85,2882.88
2026-06,Beauty,39323.59,40802.85,-1479.26
2026-06,Grocery,32698.56,40802.85,-8104.29
2026-06,Sports,27818.99,40802.85,-12983.86
2026-06,Automotive,22569.2,40802.85,-18233.65
2026-06,Home & Kitchen,21670.94,40802.85,-19131.91
2026-06,Uncategorized,9081.61,40802.85,-31721.24
2026-07,Office,80086.35,48758.04,31328.31
2026-07,Clothing,70545.66,48758.04,21787.62
2026-07,Toys,64440.51,48758.04,15682.47
2026-07,Books,59799.37,48758.04,11041.33
2026-07,Grocery,54930.52,48758.04,6172.48
2026-07,Sports,53303.68,48758.04,4545.64
2026-07,Beauty,45930.52,48758.04,-2827.52
2026-07,Electronics,43254.92,48758.04,-5503.12
2026-07,Home & Kitchen,31640.4,48758.04,-17117.64
2026-07,Automotive,29412.98,48758.04,-19345.06
2026-07,Uncategorized,2993.52,48758.04,-45764.52
2026-08,Home & Kitchen,62329.09,34858.43,27470.66
2026-08,Sports,48073.95,34858.43,13215.52
2026-08,Books,47389.95,34858.43,12531.52
2026-08,Electronics,44180.75,34858.43,9322.32
2026-08,Beauty,43988.56,34858.43,9130.13
2026-08,Toys,30920.71,34858.43,-3937.72
2026-08,Clothing,30341.39,34858.43,-4517.04
2026-08,Office,26883.1,34858.43,-7975.33
2026-08,Grocery,26009.38,34858.43,-8849.05
2026-08,Automotive,17571.28,34858.43,-17287.15
2026-08,Uncategorized,5754.62,34858.43,-29103.81
