customer_id,name,total_value,quartile,quartile_label
394,Tracy Kelly,115071.81,1,Platinum
746,Raymond Christensen,109225.74,1,Platinum
441,Shannon Bailey,100598.09,1,Platinum
454,Mary Smith,99381.84,1,Platinum
74,James Johnson,94463.83,1,Platinum
160,Hannah Bryant,87435.6,1,Platinum
153,Gabrielle Mitchell,87315.02,1,Platinum
168,Kristin Walter,87242.87,1,Platinum
32,Donna Gomez,86858.69,1,Platinum
691,Elaine Charles,85316.57,1,Platinum
588,Henry Miller,83715.9,1,Platinum
361,Thomas Atkinson,83536.88,1,Platinum
31,Barbara Sanchez,81667.47,1,Platinum
432,Devin Reyes,79611.33,1,Platinum
198,Morgan Pugh,78995.34,1,Platinum
443,Gabriel Taylor,78668.26,1,Platinum
397,Daniel Smith,77150.6,1,Platinum
245,Sarah Perry,76625.44,1,Platinum
712,Rachel Ryan,76622.74,1,Platinum
520,Unknown Customer,75568.54,1,Platinum
710,William Barnes,75244.46,1,Platinum
681,Rachel Stewart,74862.41,1,Platinum
707,Douglas Aguilar,74844.02,1,Platinum
297,Carla Cameron,74305.0,1,Platinum
392,Brian Kim,74120.59,1,Platinum
213,Jenna Butler,73975.72,1,Platinum
271,Debra Wright,73714.01,1,Platinum
195,Ronald Ortega,73235.56,1,Platinum
236,Christine Harper,73001.99,1,Platinum
156,Amanda Knight,72886.01,1,Platinum
50,Julia Moore,72645.19,1,Platinum
466,John Newman,71778.36,1,Platinum
519,Stacey Elliott,71601.71,1,Platinum
567,Stephen Hull,71320.35,1,Platinum
318,Loretta Blevins,71093.78,1,Platinum
664,Cody Bonilla,70809.33,1,Platinum
792,Elizabeth Mcpherson,70626.86,1,Platinum
193,Diana Rich,70571.56,1,Platinum
383,Annette Branch,70166.86,1,Platinum
356,Jim Hendricks,69839.46,1,Platinum
381,Daniel Davis,69784.22,1,Platinum
249,Shelby Lynch,69747.33,1,Platinum
744,Elizabeth Austin,69692.64,1,Platinum
92,Jorge Murphy,69391.02,1,Platinum
776,Alan Weeks,69240.71,1,Platinum
630,Cynthia Marsh,68695.43,1,Platinum
673,Derek Myers,68679.39,1,Platinum
761,Kim Griffin,68609.6,1,Platinum
468,Kristen Leon,68320.87,1,Platinum
66,Jonathan Fletcher,67957.32,1,Platinum
86,Unknown Customer,67625.27,1,Platinum
591,Roy Woods,67595.11,1,Platinum
328,Ashley Rodriguez,67576.45,1,Platinum
210,David Jimenez,67493.93,1,Platinum
529,Lisa Carr,67288.67,1,Platinum
145,Molly Pollard,67050.11,1,Platinum
513,Michael Stephens,66725.29,1,Platinum
759,Unknown Customer,66587.49,1,Platinum
200,Daniel Bruce,65985.25,1,Platinum
537,Eugene Jones,65921.46,1,Platinum
713,Nancy Wolfe,65490.08,1,Platinum
733,Catherine Lee,65353.9,1,Platinum
376,Charles Meyers,65180.97,1,Platinum
590,Kristen Chan,65078.05,1,Platinum
264,Donna Parker,64422.77,1,Platinum
353,Christina Mayer,64266.57,1,Platinum
128,Bill Reynolds,63969.57,1,Platinum
289,John Aguirre,63205.2,1,Platinum
135,Robert Lopez,62728.3,1,Platinum
377,Jesse Mann,61972.11,1,Platinum
688,Kayla Lewis,61536.49,1,Platinum
626,Angela Smith,61202.71,1,Platinum
582,Howard Davis✓,61190.15,1,Platinum
232,Sharon Collins,61061.81,1,Platinum
2,Erica Mcclain,61033.41,1,Platinum
365,Kathleen Ramsey,61028.12,1,Platinum
311,Robert Gutierrez,60842.64,1,Platinum
498,Kayla Rodriguez,60709.37,1,Platinum
119,Angela Butler,60217.85,1,Platinum
541,Philip Dunn,60104.44,1,Platinum
474,Amanda Hernandez,59962.27,1,Platinum
665,Crystal Lewis,59424.43,1,Platinum
3,Jeffery Wagner,59137.4,1,Platinum
740,Kaitlyn Peterson,59073.32,1,Platinum
716,Jonathan Smith,59071.07,1,Platinum
462,Nancy May,58823.08,1,Platinum
256,Matthew Day,58747.55,1,Platinum
120,Rebekah Evans,58668.19,1,Platinum
36,Andrea Williams,58626.31,1,Platinum
12,Gabrielle Cameron,58545.04,1,Platinum
577,Mark Hill,58395.17,1,Platinum
330,Daniel Martin,58280.25,1,Platinum
220,Bethany Maldonado,58224.63,1,Platinum
600,Andrew Norris,58000.33,1,Platinum
345,Julie Lane,57897.67,1,Platinum
366,Mason Krueger,57843.66,1,Platinum
148,Wayne Lawrence,57680.8,1,Platinum
674,Erica Sloan,57227.66,1,Platinum
162,Tiffany Barrett,57195.83,1,Platinum
284,Meghan King,57121.13,1,Platinum
562,Corey Melton,56636.05,1,Platinum
488,Alan Gonzalez,56508.12,1,Platinum
648,John Mueller,55989.87,1,Platinum
526,Debra Thompson,55853.11,1,Platinum
435,James Cruz,55701.53,1,Platinum
360,Heather Russell,55672.54,1,Platinum
512,Dawn Robles,55573.93,1,Platinum
350,Allison Luna,55504.99,1,Platinum
424,Lauren Soto✓,55139.32,1,Platinum
178,Antonio Wood,55085.48,1,Platinum
199,Michael Lane,54962.14,1,Platinum
69,Elizabeth Gray,54707.6,1,Platinum
208,Erika Watkins,54666.69,1,Platinum
189,Yolanda Boone,54485.42,1,Platinum
248,Christina Bullock,54464.83,1,Platinum
241,Patrick Rose,54359.08,1,Platinum
570,Justin Hughes中,54277.5,1,Platinum
77,Nicole Osborne,53979.17,1,Platinum
405,Meagan James,53950.81,1,Platinum
621,Patricia Salazar,53874.06,1,Platinum
631,Travis Underwood,53760.53,1,Platinum
453,Ashlee Washington,53690.75,1,Platinum
251,Candice Smith,53629.02,1,Platinum
769,Diana Mcclure,53194.85,1,Platinum
102,Daniel Yu,53047.2,1,Platinum
412,Kristina Jones,53001.94,1,Platinum
415,Elizabeth Jackson,52877.49,1,Platinum
499,David Howard,52645.8,1,Platinum
413,William Knapp,52064.53,1,Platinum
96,Thomas Wilson,51999.02,1,Platinum
576,Justin Cohen,51960.91,1,Platinum
483,John Ruiz,51557.87,1,Platinum
191,Cynthia Kelley,51450.04,1,Platinum
261,Pamela Paul,51320.31,1,Platinum
758,Michael Castro,51202.82,1,Platinum
701,Robert Rivera,51134.06,1,Platinum
260,Michael Norman,51076.21,1,Platinum
465,Karen Lawrence,50987.04,1,Platinum
296,William Levy,50685.84,1,Platinum
485,Robert Cortez,50677.98,1,Platinum
494,Unknown Customer,50628.24,1,Platinum
8,Barbara Bush,50305.93,1,Platinum
579,Donald Johnson,49709.97,1,Platinum
303,Benjamin Reeves,49638.77,1,Platinum
292,Daniel Allen,49554.23,1,Platinum
772,Sarah Dunn,49382.41,1,Platinum
88,Amy Morrison,49322.83,1,Platinum
549,Michelle Wells,49106.02,1,Platinum
765,Kimberly Mcmillan,48992.4,1,Platinum
57,Michael Castro,48970.9,1,Platinum
622,Tyler Martin,48799.34,1,Platinum
597,Lisa Smith,48787.78,1,Platinum
749,Alexander Clark,48429.54,1,Platinum
85,Steven Brown,48276.25,1,Platinum
259,Veronica Daniels,48211.9,1,Platinum
645,Dustin Santiago,47847.87,1,Platinum
247,Justin Gallegos,47819.11,1,Platinum
528,Jacqueline Berry,47770.92,1,Platinum
598,William Martinez,47761.44,1,Platinum
705,Dana Johns,47718.36,1,Platinum
469,Victor Wheeler,47666.19,1,Platinum
518,Joel Stewart,47647.6,1,Platinum
252,Aaron Gomez,47535.48,1,Platinum
501,Jason Gates,47350.94,1,Platinum
126,Charles Martin,47343.01,1,Platinum
27,Emily Brooks,47285.68,1,Platinum
230,Melissa Brandt,47269.77,1,Platinum
132,Mia Rivera,47172.83,1,Platinum
506,Lisa Johnson,47013.98,1,Platinum
362,Anna Faulkner,46825.25,1,Platinum
157,Monica Harvey,46272.15,1,Platinum
613,Mary Vaughn,46255.26,1,Platinum
4,Robert Cole,46165.42,1,Platinum
548,Jeremy Brown,46015.0,1,Platinum
525,Kevin Taylor,45984.71,1,Platinum
493,Robert Woodward,45826.24,1,Platinum
1,Danielle Johnson,45665.29,1,Platinum
314,Steve Patel,45396.8,1,Platinum
101,Mitchell Hunterğ,45263.81,1,Platinum
398,Curtis Miller,45092.56,1,Platinum
686,Juan Serrano,45090.28,1,Platinum
253,Christopher Villegas,44987.49,1,Platinum
16,William Davis,44855.42,2,Gold
492,Diane Sweeney,44841.45,2,Gold
658,Christopher Walker,44706.8,2,Gold
539,Brian Rivera,44624.24,2,Gold
217,William Bullock,44436.61,2,Gold
7,Unknown Customer,44435.12,2,Gold
218,Curtis Scott,44382.01,2,Gold
458,Cody Lewis,44280.72,2,Gold
601,Johnny Miles,44147.76,2,Gold
439,Ashley Adams,44143.71,2,Gold
373,Ashley Sanchez,44123.2,2,Gold
123,Hannah Harrison,44061.93,2,Gold
679,Kelly Jones,43975.53,2,Gold
192,Kenneth Wagner,43591.46,2,Gold
374,Steven Oconnor,43512.99,2,Gold
401,Rachel Stein,43316.58,2,Gold
332,Penny Wilcoxñ,43279.59,2,Gold
521,Jesse Robinson,43222.57,2,Gold
418,Kelsey Chapman,43216.59,2,Gold
783,Edwin Booker,43186.97,2,Gold
682,Elijah Knight,43057.44,2,Gold
603,William Williamson,43052.83,2,Gold
410,Jeanette Gonzales,43032.04,2,Gold
46,Anna Garcia,42954.2,2,Gold
779,Maria Walker,42885.87,2,Gold
158,Jesse Little,42705.86,2,Gold
500,Melissa Davis,42617.24,2,Gold
461,Lawrence Ibarra,42550.34,2,Gold
634,Mary Chapman,42523.57,2,Gold
644,Justin Boone,42464.36,2,Gold
496,Joel Green,42372.9,2,Gold
23,Daniel Cox,42341.86,2,Gold
690,Mercedes Anderson,42278.0,2,Gold
551,Gerald Joyce,42199.35,2,Gold
456,Nancy Mcdowell,42065.66,2,Gold
770,Courtney Anderson,41754.94,2,Gold
308,Diana Stanton,41697.76,2,Gold
594,Wesley Torres,41595.97,2,Gold
406,Derek Flores,41408.8,2,Gold
55,Brandi Hernandez,41389.59,2,Gold
258,Bradley Gonzalez,41343.55,2,Gold
48,Jade Carr,41319.18,2,Gold
791,David Olson,41304.61,2,Gold
624,Christian Wallace,41233.73,2,Gold
41,Breanna Shaw,41184.75,2,Gold
399,Ricky Johnson,41157.15,2,Gold
610,Melissa Zamora,40891.5,2,Gold
336,Erik Parks,40864.24,2,Gold
531,Lorraine Santiago,40624.96,2,Gold
455,Susan Harris,40547.15,2,Gold
568,William Reid,40455.32,2,Gold
186,Joseph Martinez,40218.81,2,Gold
349,Nancy Anderson,40119.12,2,Gold
734,Gregory Hunter,40106.17,2,Gold
728,Melissa Galvan,40043.14,2,Gold
798,Andrew Gray,39990.22,2,Gold
316,Janet Vaughn,39818.32,2,Gold
508,Gary Berry,39750.04,2,Gold
502,Randy Williams,39709.08,2,Gold
793,Laura Richards,39611.32,2,Gold
569,Sean Horne,39574.13,2,Gold
642,William Benson,39446.03,2,Gold
515,Unknown Customer,39408.64,2,Gold
421,Connor Bowen,39358.58,2,Gold
287,Brandon May,39248.29,2,Gold
174,Cynthia Marshall,39168.86,2,Gold
131,Lisa Costa,39096.74,2,Gold
714,Kayla Bell,38972.28,2,Gold
689,Desiree Hernandez,38834.82,2,Gold
117,Shelley Woods,38746.55,2,Gold
727,Sonya Wilkins,38646.06,2,Gold
423,Zachary Arnold,38615.52,2,Gold
709,Jerry Cruz,38593.15,2,Gold
20,Shawn Mckay,38519.7,2,Gold
651,Janet Holland,38394.68,2,Gold
625,Sergio Wilson,38269.04,2,Gold
532,John Jones,37870.58,2,Gold
436,Robert Larsen,37815.05,2,Gold
51,Cynthia Baker,37709.06,2,Gold
782,Unknown Customer,37583.72,2,Gold
547,Colin Barnett,37542.24,2,Gold
98,Larry Lane,37507.17,2,Gold
484,Austin Pratt,37371.09,2,Gold
149,Alicia Bryant,37371.04,2,Gold
636,Savannah Roberson,37368.71,2,Gold
656,Megan Turner,37338.22,2,Gold
684,Dennis Quinn😀,37248.62,2,Gold
647,Michael Chavez,37208.99,2,Gold
425,Christina Gonzalez,37108.17,2,Gold
354,Brittney Griffin,36924.28,2,Gold
667,Julie Hernandez,36881.07,2,Gold
143,Mary Carpenter,36809.41,2,Gold
104,Steven Petersen,36630.79,2,Gold
661,Manuel Moon,36625.81,2,Gold
729,Zachary Hall,36625.49,2,Gold
347,Justin White,36563.86,2,Gold
367,David Key,36506.47,2,Gold
65,Jessica Edwards,36105.54,2,Gold
81,Michelle Coleğ,36067.99,2,Gold
393,Stephanie Sanders,35958.48,2,Gold
719,Joshua Becker,35585.09,2,Gold
627,Diamond Bryant,35578.9,2,Gold
25,David Keller,35459.57,2,Gold
116,Audrey Harrison,35423.35,2,Gold
221,Unknown Customer,35373.46,2,Gold
176,Derek Chavez,35245.53,2,Gold
163,Julie Williams,35027.0,2,Gold
794,Kristen Alvarez,35024.17,2,Gold
70,Amy Smith,34849.91,2,Gold
395,Donna Miller,34822.52,2,Gold
226,Lisa Monroe,34608.29,2,Gold
571,Erica Adams,34565.16,2,Gold
595,Jessica Carlson,34475.97,2,Gold
19,Nicole Potter,34437.87,2,Gold
678,Melissa York,34387.11,2,Gold
697,Rachel Miller,34277.06,2,Gold
411,Robert Porter,34254.95,2,Gold
669,Shannon Sullivan,34234.15,2,Gold
352,Steven Moore,34207.39,2,Gold
246,Jeffrey Flores,34185.97,2,Gold
731,Richard Gonzalez,34143.31,2,Gold
310,John Armstrong,34126.19,2,Gold
533,Samuel Barnes,33977.49,2,Gold
358,Angela Vargas,33948.61,2,Gold
138,Alexander Russell,33936.65,2,Gold
242,John Davidson,33913.43,2,Gold
130,April Ramos,33894.33,2,Gold
312,Samantha Salas,33886.32,2,Gold
42,Melissa Jones,33862.83,2,Gold
222,Michael Jones,33784.06,2,Gold
112,David Herrera,33764.87,2,Gold
635,Stephanie Taylor,33630.19,2,Gold
777,Russell Carter,33531.08,2,Gold
313,Ann Bolton,33447.79,2,Gold
183,Jesse Schroeder,33221.12,2,Gold
650,Julia Harris,33217.74,2,Gold
379,Adam Arnold,33211.69,2,Gold
732,Jessica Hansen,33204.04,2,Gold
708,Gary Jennings,33124.46,2,Gold
47,Michael Jones,33028.76,2,Gold
283,Fernando Donovan,32995.51,2,Gold
482,Emily Wilson,32985.92,2,Gold
657,Jeffrey White,32939.92,2,Gold
542,Christopher Colon,32937.84,2,Gold
39,Kristen Mitchell,32876.82,2,Gold
315,Todd Bernard,32791.92,2,Gold
419,Dan Perry,32728.23,2,Gold
530,Julie Young,32637.69,2,Gold
702,Jason Martin,32607.7,2,Gold
615,Dale Pruitt,32604.59,2,Gold
129,Brenda Smith,32587.61,2,Gold
666,Amanda Park,32579.05,2,Gold
475,Amanda Myers,32552.05,2,Gold
43,Ashley Riley,32495.15,2,Gold
781,Robert Castaneda,32483.98,2,Gold
555,Alexandra Barnes,32323.7,2,Gold
75,Charles Perry,31968.29,2,Gold
384,Clayton Gray,31960.5,2,Gold
29,Jean Brown,31781.51,2,Gold
35,Joshua Wright,31766.84,2,Gold
72,Susan Fitzgerald,31615.29,2,Gold
215,Ryan Morales,31613.28,2,Gold
449,Nicole Davis,31588.96,2,Gold
503,Stephanie Bond,31578.78,2,Gold
463,Chelsey Martin,31494.62,2,Gold
554,Mark Hill,31474.13,2,Gold
788,Theresa Espinoza,31466.32,2,Gold
84,Heather Mccarthy,31329.68,2,Gold
546,Steven Perez,31316.57,2,Gold
278,Angela Wood,31306.56,2,Gold
400,Michelle Smith,31240.45,2,Gold
209,Brian Harris,31233.03,2,Gold
560,Hannah Williams,31166.66,2,Gold
382,Lisa Adams,31129.39,2,Gold
331,Krystal Bradley,31048.0,2,Gold
152,Jennifer Malone,30964.92,2,Gold
106,Nicholas Johnson,30914.99,2,Gold
452,Mallory Simpson,30914.65,2,Gold
161,Daniel James,30783.61,2,Gold
378,Christine Estrada,30782.44,2,Gold
386,Ariel Hodge,30755.06,2,Gold
637,Lisa Garcia,30656.28,2,Gold
170,Donald Levy,30596.71,3,Silver
766,Melissa Martinez,30507.77,3,Silver
368,Randy Allen,30501.3,3,Silver
516,Craig Sandoval,30444.23,3,Silver
341,James Herrera,30359.45,3,Silver
15,Jose Richards,30338.23,3,Silver
704,Gabriel Nielsen,30296.93,3,Silver
214,George Meza,30263.16,3,Silver
476,Stephanie Allen,30176.88,3,Silver
444,Amanda Carlson,30153.95,3,Silver
653,Willie Bennett,30143.66,3,Silver
197,David Brown,30077.7,3,Silver
755,Robert Taylor,30064.16,3,Silver
28,Caleb Smith,29822.81,3,Silver
275,Valerie Contreras,29769.89,3,Silver
429,Brenda Bailey,29766.81,3,Silver
179,Cory Jennings,29717.36,3,Silver
552,Vanessa Graham,29697.25,3,Silver
344,Steven Roman,29663.88,3,Silver
440,Amy Fritz,29661.83,3,Silver
495,Dana Foster,29661.3,3,Silver
427,Amanda Diaz,29564.92,3,Silver
481,Brian Villarreal,29386.78,3,Silver
491,Michael Franco,29356.04,3,Silver
487,Steven Campbell,29308.75,3,Silver
655,Bill Mcfarland,29271.24,3,Silver
224,Steven Spencer,29260.56,3,Silver
99,Shelly Gonzalez,29049.35,3,Silver
604,Chelsea Strickland,28915.9,3,Silver
76,Reginald Hernandez,28583.67,3,Silver
693,Michael Robinson,28581.45,3,Silver
580,Paul Johnson,28319.56,3,Silver
606,Jimmy Smith,28235.26,3,Silver
535,Debra Mcdaniel,28210.99,3,Silver
699,Adam Macias,27991.53,3,Silver
93,Karen Decker,27923.38,3,Silver
768,Kelli Warren,27892.17,3,Silver
305,Brittney Romero,27862.56,3,Silver
68,Kyle Ortiz,27788.87,3,Silver
417,Jonathan Dixon,27759.97,3,Silver
255,John Sandoval,27690.1,3,Silver
211,Jerry Hansen,27675.21,3,Silver
797,Tina Kramer,27619.09,3,Silver
497,Mark Chavez,27558.56,3,Silver
544,Kristen Ruiz,27538.96,3,Silver
586,David Becker,27536.37,3,Silver
632,James Martinez,27483.95,3,Silver
233,Debbie Henderson,27368.0,3,Silver
641,James Weber,27338.45,3,Silver
144,Amanda Reed,27315.54,3,Silver
556,Katherine Ayers,27214.18,3,Silver
302,Sheila Fischer,27102.06,3,Silver
612,Lisa White,27065.67,3,Silver
721,Becky Schroeder,27057.71,3,Silver
426,Jason Ramirez,26970.45,3,Silver
796,Michael Moore,26807.93,3,Silver
583,Stacey Lam,26764.92,3,Silver
227,John Kim,26686.26,3,Silver
91,Elizabeth Miller,26635.93,3,Silver
416,Deborah Rasmussen,26627.8,3,Silver
60,Joseph Cobb,26588.96,3,Silver
431,John Wilson,26563.2,3,Silver
402,Joseph Adams,26479.95,3,Silver
237,Colleen Orr,26411.34,3,Silver
54,Charles Ware,26394.13,3,Silver
680,Mark Anderson,26295.89,3,Silver
659,Stephanie Montgomery,26158.67,3,Silver
599,Kelsey Dean,26103.64,3,Silver
288,Christine Johnson,26046.81,3,Silver
64,Gregory Estes,26032.6,3,Silver
202,Heather Johnson,25954.94,3,Silver
619,Matthew Mills,25911.18,3,Silver
329,Troy Mays,25799.29,3,Silver
334,Sean Adams,25676.22,3,Silver
293,Brent Dougherty,25670.71,3,Silver
137,Anthony Mccoy,25584.6,3,Silver
6,Michael Cooper,25552.41,3,Silver
279,Unknown Customer,25506.01,3,Silver
276,Kevin Moore,25461.21,3,Silver
490,Laura Hernandez,25442.16,3,Silver
372,Brandy Cortez,25437.64,3,Silver
787,Charles Harrison,25350.89,3,Silver
45,Emily Evans,25295.89,3,Silver
67,Elizabeth Rivera,25236.34,3,Silver
390,Francisco Allen,25220.9,3,Silver
633,James Morgan,25009.59,3,Silver
736,Timothy Sanchez,24933.88,3,Silver
747,Sheila Johnson,24857.09,3,Silver
323,Sarah Russell,24848.09,3,Silver
166,Debbie Parker,24815.66,3,Silver
254,Cynthia Zavala,24760.41,3,Silver
113,Joshua Lawrence,24714.44,3,Silver
173,Daniel Hall,24696.25,3,Silver
87,Kenneth Price,24524.72,3,Silver
147,Laura Pearson,24467.12,3,Silver
139,Marilyn Jimenez,24438.76,3,Silver
706,Catherine Ruiz,24389.42,3,Silver
182,David Cunningham,24294.64,3,Silver
778,Nicole Kim,24165.26,3,Silver
786,Heidi Johnson,23819.68,3,Silver
22,Amber Osborne,23776.32,3,Silver
608,Jonathan Hall,23719.22,3,Silver
662,Unknown Customer,23701.62,3,Silver
351,Steven Ball,23638.36,3,Silver
13,Leslie Adams,23619.96,3,Silver
743,Christine Moore,23600.52,3,Silver
408,John Bennett,23577.18,3,Silver
478,Jacqueline Martin,23577.12,3,Silver
105,Joshua Hayes,23467.57,3,Silver
741,Patricia Adams,23288.46,3,Silver
692,Erik Knight,23219.93,3,Silver
593,Jessica Perez,23218.21,3,Silver
175,Brandon Johnson,23124.23,3,Silver
14,Nicole Day™,23052.61,3,Silver
24,Stacey Miller,23005.2,3,Silver
324,Unknown Customer,22900.15,3,Silver
369,Kyle Ward,22885.72,3,Silver
133,Lisa Pierce,22773.46,3,Silver
574,Stephen Robinson,22727.95,3,Silver
228,Paul Schroeder,22676.26,3,Silver
700,Juan Hernandez,22450.05,3,Silver
540,Sara Fernandez,22350.84,3,Silver
587,Victoria Cooper,22350.05,3,Silver
90,Samantha Hooper,22299.35,3,Silver
269,Patrick Bradley,22183.12,3,Silver
134,Tara Powell,22081.96,3,Silver
558,Todd Lynch,22064.27,3,Silver
94,Brett Crane,22028.55,3,Silver
63,Darlene Ross,21959.31,3,Silver
445,Unknown Customer,21930.17,3,Silver
578,Rachel Trujillo,21823.42,3,Silver
124,Michele Jones,21782.54,3,Silver
464,Robert Parks,21749.83,3,Silver
239,Amanda Collins,21684.97,3,Silver
187,Kimberly Palmer,21513.44,3,Silver
306,Thomas Smith,21320.86,3,Silver
784,David Gonzales,21143.67,3,Silver
620,Timothy Alvarado,21132.4,3,Silver
317,Keith Berry,21004.91,3,Silver
298,Melanie Jordan,20936.21,3,Silver
125,Ronald Stephens,20807.31,3,Silver
73,Christine Davis,20724.6,3,Silver
56,Laura Valencia,20678.39,3,Silver
602,Elaine Nelson,20660.13,3,Silver
225,Denise Morris,20576.86,3,Silver
115,Angela Terry,20523.82,3,Silver
643,Brandi Bender,20509.29,3,Silver
524,Michelle Yu,20449.39,3,Silver
274,Shannon Roach,20324.76,3,Silver
337,Christina Robinson,20298.93,3,Silver
206,Karen Williams,20285.16,3,Silver
364,Joseph Nunez,20243.86,3,Silver
572,Evelyn Wells,20190.84,3,Silver
739,Amanda Haynes,20104.19,3,Silver
49,Sarah Garciağ,19988.36,3,Silver
167,Christopher Phillips,19871.5,3,Silver
204,Cynthia Johnson,19823.38,3,Silver
550,Raven Klein,19795.36,3,Silver
33,Emily Joyce,19782.81,3,Silver
359,Tyler Compton,19773.25,3,Silver
677,Eugene Walker,19771.02,3,Silver
428,Michelle Rose,19729.65,3,Silver
118,Crystal Brown,19710.95,3,Silver
543,Jamie Little,19639.25,3,Silver
589,Shannon Clark,19574.61,3,Silver
409,James Osborn,19552.18,3,Silver
730,Theresa Miller,19497.03,3,Silver
10,Mitchell Clark,19390.92,3,Silver
21,Unknown Customer,19266.91,3,Silver
380,Tiffany Smith,19223.99,3,Silver
216,Matthew Cook,19160.0,3,Silver
127,Holly Bender,19038.71,3,Silver
505,Nathan Mccoy,18904.76,3,Silver
307,Laura Swanson,18848.77,3,Silver
685,Kim Tucker,18843.89,3,Silver
561,Lisa Turner,18566.34,3,Silver
171,Angela Davis,18527.35,3,Silver
762,Crystal Thomas,18416.92,3,Silver
592,Stephanie Mcclain,18282.9,3,Silver
272,Unknown Customer,18227.82,3,Silver
151,Melissa Phelps,18163.65,3,Silver
585,Steven Wilson,18066.52,4,Bronze
322,Robert Love,17745.19,4,Bronze
605,Ethan Kelley,17706.96,4,Bronze
263,Ryan Carney,17675.89,4,Bronze
757,Lisa Woods,17594.9,4,Bronze
103,Gregory Boyd,17575.11,4,Bronze
89,Todd Price,17530.03,4,Bronze
301,Unknown Customer,17511.8,4,Bronze
146,Robert Flores,17455.09,4,Bronze
509,Felicia Thompson,17449.65,4,Bronze
159,Erica Moore,17442.3,4,Bronze
286,Rachel Morgan,17303.5,4,Bronze
391,Martin Campos,17297.49,4,Bronze
763,Richard Meadows,17278.28,4,Bronze
229,Cameron Davis,17126.1,4,Bronze
527,Nicholas Gross,17070.11,4,Bronze
348,Shane Starkñ,16912.98,4,Bronze
616,Kimberly Carr,16854.96,4,Bronze
536,Kenneth Flores,16771.32,4,Bronze
107,Lauren Peterson,16663.62,4,Bronze
172,Miguel Curry,16440.94,4,Bronze
460,Unknown Customer,16300.37,4,Bronze
771,Michelle Nguyen,16196.76,4,Bronze
559,Charlotte Steele,16165.32,4,Bronze
250,David Allen,16120.57,4,Bronze
785,Jeff Fisher,15961.52,4,Bronze
737,Michelle Olson,15785.39,4,Bronze
442,Kimberly Youngω,15748.46,4,Bronze
753,Gina Olsen,15744.32,4,Bronze
775,Alex Mills,15672.65,4,Bronze
473,Jennifer Wang,15598.09,4,Bronze
614,Garrett Anderson,15534.91,4,Bronze
628,Martin Saunders,15459.38,4,Bronze
270,Nathan Hines,15281.77,4,Bronze
40,Jeff Brown,15235.83,4,Bronze
388,Juan Daniels,15144.97,4,Bronze
652,Kelly Thompson,15066.47,4,Bronze
617,Paige Alexander,15017.04,4,Bronze
335,Jose Ward,14948.78,4,Bronze
196,Christopher Miller,14802.91,4,Bronze
340,Michael Stark,14773.8,4,Bronze
422,Andrew Cooper,14688.89,4,Bronze
82,Kimberly Washington,14616.07,4,Bronze
342,Erin Love,14587.29,4,Bronze
177,Eric Perry,14559.04,4,Bronze
339,Elizabeth Robinson,14518.48,4,Bronze
742,Jill Salas,14501.91,4,Bronze
557,Justin Nichols,14486.23,4,Bronze
790,Unknown Customer,14468.64,4,Bronze
720,Timothy Wood,14418.13,4,Bronze
300,Paul Cole,14340.2,4,Bronze
80,Lisa Mcclain,14268.0,4,Bronze
122,Christopher Allen,14251.04,4,Bronze
111,Michael Chavez,14241.66,4,Bronze
277,David Harris,14191.39,4,Bronze
61,Jeffrey Velasquez,14030.06,4,Bronze
507,David Stein,14026.95,4,Bronze
309,George Fuller,13812.06,4,Bronze
5,Roberto Ramirez,13765.58,4,Bronze
437,Kathleen Carter,13679.29,4,Bronze
235,Chris Richard,13641.41,4,Bronze
180,Tammy Rush™,13577.48,4,Bronze
745,Leslie Villanueva,13450.5,4,Bronze
438,Stephen Newton,13305.51,4,Bronze
18,Allison Maddox,13279.05,4,Bronze
639,Tara Chavez,13237.45,4,Bronze
238,Erica Young,13173.55,4,Bronze
266,Danielle Moody,13046.53,4,Bronze
511,Nicole Mendoza,13018.48,4,Bronze
114,Jeremy White,12981.19,4,Bronze
212,Andrew Morse,12964.66,4,Bronze
370,Tina Harrison,12685.23,4,Bronze
155,Brandon Flynn,12666.12,4,Bronze
357,Kevin Thomas,12641.33,4,Bronze
109,Travis Mcguire,12639.61,4,Bronze
696,Amy Thompson,12573.96,4,Bronze
273,Justin Hendricks,12446.93,4,Bronze
59,Nicole Johnson,12441.11,4,Bronze
611,Unknown Customer,12378.61,4,Bronze
514,Paul White,12277.78,4,Bronze
581,Gina Little,12232.58,4,Bronze
268,Kimberly Johnsonğ,12208.97,4,Bronze
44,Alexandra Donovan,12208.46,4,Bronze
676,Amy Miller,11941.37,4,Bronze
457,Brett Garrett,11825.39,4,Bronze
618,Katrina Ray,11770.86,4,Bronze
165,John Campos,11611.11,4,Bronze
294,Lisa Peck,11608.79,4,Bronze
83,Joseph Flores,11594.99,4,Bronze
748,Gregory Bray,11392.37,4,Bronze
414,Tanya Miles,11221.57,4,Bronze
17,Erin Carlson,11170.33,4,Bronze
355,Scott Fernandez,11134.74,4,Bronze
299,Brandon Williams,11085.11,4,Bronze
281,Erin Cooper,11040.33,4,Bronze
97,Miguel Obrien,10787.25,4,Bronze
319,Jennifer Reed,10446.62,4,Bronze
573,Unknown Customer,10309.14,4,Bronze
79,Elizabeth Travis,10281.48,4,Bronze
291,Jessica Valencia,10238.99,4,Bronze
223,Marie Jones,10208.38,4,Bronze
420,Michael Cooper,10071.07,4,Bronze
687,Charles Jones,9961.1,4,Bronze
327,Tyler Zuniga,9940.7,4,Bronze
326,Nicole Thompson,9928.68,4,Bronze
219,Gregory Mejia,9853.85,4,Bronze
789,James Moss,9852.8,4,Bronze
724,Adam Davis,9802.04,4,Bronze
244,Dylan Kim,9782.64,4,Bronze
545,Unknown Customer,9776.39,4,Bronze
672,Patrick Short,9709.49,4,Bronze
363,Mark Miller,9678.04,4,Bronze
638,Tiffany Moon,9610.88,4,Bronze
136,Brett Adams,9495.36,4,Bronze
52,Cynthia Calderon,9316.35,4,Bronze
722,Julie Griffin,9267.8,4,Bronze
190,Charles Miller,9208.12,4,Bronze
459,Sean Smith,9003.32,4,Bronze
257,Crystal Cain,8953.65,4,Bronze
11,Jessica Martin,8951.17,4,Bronze
231,Donald Bailey,8885.73,4,Bronze
346,Unknown Customer,8771.37,4,Bronze
479,Unknown Customer,8570.53,4,Bronze
486,Emily Williams,8210.12,4,Bronze
609,Morgan Phelps,7976.11,4,Bronze
800,Unknown Customer,7878.74,4,Bronze
53,Tina Martin,7727.01,4,Bronze
26,Rodney Lewis,7404.6,4,Bronze
489,Micheal Bonilla,7402.82,4,Bronze
538,Patricia Bush,7305.08,4,Bronze
471,Gerald Ruiz,7107.37,4,Bronze
110,Elizabeth Wood,7098.02,4,Bronze
715,Katie Kent,6954.78,4,Bronze
504,Laura Martinez,6924.66,4,Bronze
108,Christopher Cortez,6598.02,4,Bronze
472,Jose Williams,6531.2,4,Bronze
670,Adam Cortez,6499.31,4,Bronze
121,Brian Choi,6291.32,4,Bronze
295,Wendy Owens,6100.42,4,Bronze
623,Tara Williams,5779.12,4,Bronze
184,Vanessa Fernandez,5710.56,4,Bronze
780,Kathy Kent,5681.16,4,Bronze
510,Edgar Mendez,5573.92,4,Bronze
343,Brian Anderson,5454.72,4,Bronze
58,Eric Spears,5358.36,4,Bronze
764,Denise Page,5168.94,4,Bronze
467,Jamie Lawson,5133.78,4,Bronze
767,Garrett Garcia,4981.03,4,Bronze
523,Marcus Johnson,4774.39,4,Bronze
371,Robert Hart,4683.94,4,Bronze
387,Heather Knight,4621.15,4,Bronze
434,Leonard Hayes™,4430.6,4,Bronze
470,David Valenciañ,4306.08,4,Bronze
480,Alexandria Baker,4204.34,4,Bronze
717,Adrian Pena,4083.33,4,Bronze
100,Melissa Burke,4046.0,4,Bronze
450,Stephanie Murphy,3944.42,4,Bronze
566,Ashley Thompson,3857.23,4,Bronze
325,Audrey Nichols,3646.0,4,Bronze
9,Melissa Delacruz,3634.46,4,Bronze
649,Paul Frye,3344.05,4,Bronze
188,Bradley Logan,3305.7,4,Bronze
738,Jeffrey Haynes,3209.18,4,Bronze
321,John Williams,2927.9,4,Bronze
338,Vanessa Brooks,2646.06,4,Bronze
756,Anna Bradley,2537.1,4,Bronze
201,Lindsay Bruce,2194.0,4,Bronze
290,Scott Washington,2160.03,4,Bronze
563,Joseph Butler,2126.27,4,Bronze
575,William Bates,1209.33,4,Bronze
754,Melissa Gonzalez,1104.0,4,Bronze
407,Raymond Flores,1054.32,4,Bronze
640,Kaitlyn Evansñ,755.76,4,Bronze
194,Robert Wilcox,664.2,4,Bronze
403,Kevin Patton,625.14,4,Bronze
150,Eric Harrison,587.97,4,Bronze
62,Andrew Lee,448.64,4,Bronze
262,Tyler Jimenez,345.26,4,Bronze
695,Bill Wong😀,335.92,4,Bronze
154,Cynthia Brennan,261.8,4,Bronze
71,Diana Marshall,105.86,4,Bronze
