customer_id,name,email,undelivered_orders,last_order_date,statuses
12,Gabrielle Cameron,perezantonio@example.com,9,2026-07-28,"REFUNDED,SHIPPED,CANCELLED,PROCESSING"
284,Meghan King,david49@example.com,9,2025-10-30,"PROCESSING,RETURNED,SHIPPED,CANCELLED,PENDING"
435,James Cruz,fortiz@example.com,8,2025-04-04,"SHIPPED,PENDING,PROCESSING,RETURNED,REFUNDED"
582,Howard Davis✓,jessica82@example.com,8,2026-07-15,"CANCELLED,SHIPPED,REFUNDED,RETURNED,PENDING"
588,Henry Miller,lawrencebrown@example.com,8,2026-06-19,"PROCESSING,RETURNED,REFUNDED,SHIPPED"
591,Roy Woods,fergusonjessica@example.com,8,2026-06-15,"PENDING,RETURNED,PROCESSING"
27,Emily Brooks,omartinez@example.com,7,2026-05-30,"PROCESSING,SHIPPED,REFUNDED"
69,Elizabeth Gray,christinaturner@example.com,7,2025-07-19,"SHIPPED,PROCESSING,RETURNED,PENDING,CANCELLED"
228,Paul Schroeder,mccormickdeborah@example.com,7,2026-06-23,"PROCESSING,CANCELLED,PENDING,RETURNED"
292,Daniel Allen,shannon21@example.com,7,2026-07-22,"CANCELLED,PROCESSING,RETURNED,REFUNDED"
391,Martin Campos,masonterri@example.com,7,2025-09-26,"CANCELLED,PROCESSING,RETURNED,REFUNDED,SHIPPED"
456,Nancy Mcdowell,john52@example.com,7,2026-04-29,"REFUNDED,CANCELLED,RETURNED,PENDING,SHIPPED"
516,Craig Sandoval,gallagherstacie@example.com,7,2026-02-25,"REFUNDED,SHIPPED,RETURNED,PROCESSING"
626,Angela Smith,pamela83@example.com,7,2024-06-29,"CANCELLED,RETURNED,PENDING,REFUNDED,SHIPPED"
627,Diamond Bryant,marcia37@example.com,7,2026-02-08,"REFUNDED,CANCELLED,PROCESSING,RETURNED"
674,Erica Sloan,susan08@example.com,7,2025-08-01,"CANCELLED,SHIPPED,REFUNDED,PROCESSING,PENDING"
705,Dana Johns,stacey37@example.com,7,2026-07-13,"PENDING,REFUNDED,PROCESSING,SHIPPED"
728,Melissa Galvan,james98@example.com,7,2024-11-29,"CANCELLED,PROCESSING,RETURNED,REFUNDED"
770,Courtney Anderson,anthonyalvarado@example.com,7,2025-06-10,"RETURNED,REFUNDED,PROCESSING,PENDING,SHIPPED"
781,Robert Castaneda,keithwalsh@example.com,7,2026-06-14,"PENDING,REFUNDED,RETURNED,PROCESSING,CANCELLED"
41,Breanna Shaw,brianromero@example.com,6,2024-10-17,"SHIPPED,PROCESSING,REFUNDED,RETURNED"
51,Cynthia Baker,rebecca01@example.com,6,2026-05-09,"CANCELLED,PENDING,PROCESSING,RETURNED"
52,Cynthia Calderon,cookdavid@example.com,6,2026-01-26,"RETURNED,REFUNDED,PENDING"
68,Kyle Ortiz,angela36@example.com,6,2026-07-12,"REFUNDED,PROCESSING,CANCELLED,PENDING,SHIPPED"
75,Charles Perry,jennifercruz@example.com,6,2025-10-22,"CANCELLED,PROCESSING,REFUNDED"
86,Unknown Customer,wwoods@example.com,6,2026-05-25,"REFUNDED,RETURNED,SHIPPED,PENDING"
93,Karen Decker,ruizkaitlyn@example.com,6,2026-01-30,"CANCELLED,PROCESSING,REFUNDED,RETURNED"
106,Nicholas Johnson,hunter35@example.com,6,2026-07-28,"RETURNED,SHIPPED,CANCELLED,REFUNDED,PENDING"
153,Gabrielle Mitchell,hamiltoncorey@example.com,6,2025-01-11,"SHIPPED,REFUNDED,RETURNED,PROCESSING"
161,Daniel James,victoria40@example.com,6,2025-10-01,"RETURNED,PROCESSING,REFUNDED,CANCELLED"
162,Tiffany Barrett,knightgina@example.com,6,2026-05-05,"RETURNED,PENDING,PROCESSING"
208,Erika Watkins,brandon69@example.com,6,2026-08-10,"RETURNED,PENDING,PROCESSING"
238,Erica Young,karen73@example.com,6,2026-04-15,"CANCELLED,REFUNDED,PROCESSING,SHIPPED"
289,John Aguirre,shawn02@example.com,6,2026-01-30,"PENDING,SHIPPED,REFUNDED"
314,Steve Patel,erica49@example.com,6,2026-05-24,"PENDING,REFUNDED,SHIPPED,CANCELLED"
318,Loretta Blevins,kellyroberts@example.com,6,2026-04-11,"CANCELLED,PENDING,SHIPPED,PROCESSING"
329,Troy Mays,znelson@example.com,6,2025-12-01,"CANCELLED,SHIPPED,RETURNED,REFUNDED"
351,Steven Ball,pmorrow@example.com,6,2026-07-19,"REFUNDED,SHIPPED,PROCESSING,PENDING"
369,Kyle Ward,zowens@example.com,6,2025-09-16,"SHIPPED,PROCESSING,CANCELLED,REFUNDED"
382,Lisa Adams,watsonrichard@example.com,6,2026-06-09,"PROCESSING,CANCELLED,REFUNDED,SHIPPED"
399,Ricky Johnson,carlsonkristen@example.com,6,2025-09-19,"CANCELLED,PROCESSING,SHIPPED,PENDING"
432,Devin Reyes,sreid@example.com,6,2026-06-04,"REFUNDED,PENDING,SHIPPED"
443,Gabriel Taylor,lindahudson@example.com,6,2025-09-15,"CANCELLED,PROCESSING,PENDING,RETURNED,SHIPPED"
475,Amanda Myers,collinssamuel@example.com,6,2025-11-18,"CANCELLED,PENDING,REFUNDED,SHIPPED"
525,Kevin Taylor,fconner@example.com,6,2026-01-10,"CANCELLED,PROCESSING,RETURNED,PENDING,REFUNDED"
539,Brian Rivera,uterry@example.com,6,2025-10-03,"REFUNDED,RETURNED,SHIPPED,CANCELLED,PROCESSING"
542,Christopher Colon,bgonzalez@example.com,6,2026-04-18,"REFUNDED,CANCELLED,SHIPPED,PENDING"
600,Andrew Norris,jjames@example.com,6,2026-07-06,"RETURNED,PROCESSING,SHIPPED,REFUNDED"
604,Chelsea Strickland,michaelortiz@example.com,6,2026-07-15,"CANCELLED,PENDING,REFUNDED,RETURNED"
656,Megan Turner,charles58@example.com,6,2025-01-11,"SHIPPED,REFUNDED,RETURNED,PENDING"
713,Nancy Wolfe,shawnaolson@example.com,6,2026-02-22,"PROCESSING,PENDING,SHIPPED,REFUNDED"
736,Timothy Sanchez,lmaldonado@example.com,6,2026-01-02,"CANCELLED,REFUNDED,PENDING"
759,Unknown Customer,barbarasantos@example.com,6,2026-01-15,"REFUNDED,CANCELLED,RETURNED,PROCESSING"
771,Michelle Nguyen,iproctor@example.com,6,2025-05-07,"CANCELLED,PENDING,REFUNDED,SHIPPED"
772,Sarah Dunn,brittanybryant@example.com,6,2025-06-05,"SHIPPED,PENDING,PROCESSING,CANCELLED"
778,Nicole Kim,jenniferbrewer@example.com,6,2026-05-23,"PROCESSING,REFUNDED,CANCELLED,RETURNED"
779,Maria Walker,hgarrett@example.com,6,2026-01-30,"CANCELLED,SHIPPED,RETURNED,REFUNDED,PENDING"
794,Kristen Alvarez,nathandavis@example.com,6,2026-05-18,"PENDING,REFUNDED,PROCESSING,CANCELLED"
28,Caleb Smith,briannasmith@example.com,5,2025-07-13,"RETURNED,REFUNDED,PENDING"
56,Laura Valencia,jason31@example.com,5,2025-11-20,"PROCESSING,REFUNDED,RETURNED,CANCELLED"
58,Eric Spears,theresacochran@example.com,5,2025-11-09,"CANCELLED,REFUNDED,PROCESSING"
72,Susan Fitzgerald,campbellelizabeth@example.com,5,2026-08-10,"CANCELLED,SHIPPED,REFUNDED,PROCESSING"
80,Lisa Mcclain,vmerritt@example.com,5,2025-08-20,"PENDING,REFUNDED,CANCELLED"
94,Brett Crane,harringtondenise@example.com,5,2026-06-09,"REFUNDED,PENDING,SHIPPED"
104,Steven Petersen,marcus31@example.com,5,2025-12-31,"SHIPPED,PROCESSING,CANCELLED,REFUNDED"
120,Rebekah Evans,ntorres@example.com,5,2026-04-01,"PENDING,CANCELLED,RETURNED,PROCESSING"
122,Christopher Allen,moorericky@example.com,5,2026-07-06,"RETURNED,REFUNDED,PENDING,CANCELLED"
131,Lisa Costa,ricky51@example.com,5,2025-07-24,"REFUNDED,PROCESSING,PENDING,CANCELLED"
139,Marilyn Jimenez,william46@example.com,5,2024-05-29,"RETURNED,PROCESSING,CANCELLED,REFUNDED,SHIPPED"
167,Christopher Phillips,ithompson@example.com,5,2026-08-10,"PROCESSING,REFUNDED"
206,Karen Williams,scott67@example.com,5,2026-02-05,"REFUNDED,PROCESSING,SHIPPED"
254,Cynthia Zavala,kellycarlos@example.com,5,2026-05-27,"RETURNED,REFUNDED,PROCESSING,PENDING"
287,Brandon May,debra96@example.com,5,2026-02-06,"CANCELLED,PROCESSING,RETURNED"
296,William Levy,brandon47@example.com,5,2026-02-10,"RETURNED,SHIPPED,CANCELLED,PROCESSING"
310,John Armstrong,leescott@example.com,5,2026-05-20,"RETURNED,SHIPPED,REFUNDED,PROCESSING"
312,Samantha Salas,thorntonapril@example.com,5,2026-07-30,"PROCESSING,SHIPPED,RETURNED,CANCELLED"
337,Christina Robinson,vhernandez@example.com,5,2026-04-29,"PROCESSING,REFUNDED,CANCELLED,PENDING"
352,Steven Moore,johnsondonna@example.com,5,2026-03-25,"CANCELLED,PROCESSING,SHIPPED,PENDING"
363,Mark Miller,christopher30@example.com,5,2024-10-30,"CANCELLED,PROCESSING,REFUNDED"
415,Elizabeth Jackson,hartdeanna@example.com,5,2025-05-14,"CANCELLED,PROCESSING,REFUNDED,SHIPPED"
419,Dan Perry,guerrajessica@example.com,5,2025-11-10,"PROCESSING,REFUNDED,RETURNED,CANCELLED"
426,Jason Ramirez,raylauren@example.com,5,2025-11-23,"PENDING,REFUNDED,CANCELLED,RETURNED"
439,Ashley Adams,amber07@example.com,5,2025-06-27,"RETURNED,PROCESSING"
449,Nicole Davis,heather57@example.com,5,2025-10-21,"CANCELLED,RETURNED,PENDING,PROCESSING"
452,Mallory Simpson,matthew92@example.com,5,2026-02-05,"PROCESSING,REFUNDED,CANCELLED,SHIPPED"
462,Nancy May,caseyelliott@example.com,5,2025-05-15,"REFUNDED,SHIPPED,PROCESSING,PENDING"
478,Jacqueline Martin,gary24@example.com,5,2026-04-20,"RETURNED,PROCESSING,PENDING,CANCELLED"
495,Dana Foster,grahamtamara@example.com,5,2025-08-25,"PENDING,REFUNDED,CANCELLED"
509,Felicia Thompson,joshuagriffin@example.com,5,2026-08-06,"REFUNDED,CANCELLED,PENDING,RETURNED"
515,Unknown Customer,katie32@example.com,5,2024-08-16,"PROCESSING,REFUNDED,PENDING,SHIPPED"
518,Joel Stewart,robin05@example.com,5,2025-04-24,"RETURNED,SHIPPED,PENDING,CANCELLED"
521,Jesse Robinson,nsmith@example.com,5,2025-08-25,"RETURNED,PENDING,SHIPPED"
528,Jacqueline Berry,whitelucas@example.com,5,2026-08-07,"REFUNDED,PENDING,PROCESSING,RETURNED"
546,Steven Perez,hernandezheather@example.com,5,2025-12-14,"CANCELLED,PENDING,RETURNED,PROCESSING"
586,David Becker,robert22@example.com,5,2026-08-10,"REFUNDED,CANCELLED,PROCESSING,RETURNED"
587,Victoria Cooper,tthomas@example.com,5,2023-12-27,"CANCELLED,PROCESSING,REFUNDED,RETURNED"
605,Ethan Kelley,haleycastillo@example.com,5,2025-04-12,"RETURNED,CANCELLED,PENDING,SHIPPED"
630,Cynthia Marsh,jacqueline02@example.com,5,2026-08-09,"PENDING,RETURNED,PROCESSING,CANCELLED"
641,James Weber,samantha22@example.com,5,2025-08-15,"REFUNDED,PROCESSING,RETURNED"
648,John Mueller,heather06@example.com,5,2026-04-24,"PENDING,RETURNED,REFUNDED"
651,Janet Holland,kimberlybrandt@example.com,5,2026-05-03,"RETURNED,PENDING,REFUNDED,PROCESSING"
653,Willie Bennett,angela22@example.com,5,2026-08-10,"PROCESSING,CANCELLED,RETURNED"
659,Stephanie Montgomery,wilsonmichael@example.com,5,2026-02-09,"PENDING,CANCELLED,PROCESSING"
699,Adam Macias,jerryrobertson@example.com,5,2026-03-30,"REFUNDED,PROCESSING,PENDING,RETURNED"
700,Juan Hernandez,carolyn13@example.com,5,2026-02-03,"REFUNDED,CANCELLED,RETURNED"
704,Gabriel Nielsen,kgreene@example.com,5,2025-08-06,"RETURNED,REFUNDED,CANCELLED,PROCESSING,PENDING"
734,Gregory Hunter,gordonmatthew@example.com,5,2026-06-21,"SHIPPED,PENDING"
747,Sheila Johnson,xdalton@example.com,5,2025-11-14,"PENDING,REFUNDED,SHIPPED"
776,Alan Weeks,xevans@example.com,5,2024-09-09,"PROCESSING,PENDING,SHIPPED,RETURNED,REFUNDED"
7,Unknown Customer,maria95@example.com,4,2025-04-15,"PENDING,SHIPPED,RETURNED"
13,Leslie Adams,jason76@example.com,4,2026-08-10,"PROCESSING,RETURNED,SHIPPED"
22,Amber Osborne,georgetracy@example.com,4,2024-09-13,"PENDING,REFUNDED,CANCELLED"
24,Stacey Miller,spenceamanda@example.com,4,2026-04-22,"PROCESSING,REFUNDED"
39,Kristen Mitchell,smoore@example.com,4,2025-12-14,"PENDING,REFUNDED"
40,Jeff Brown,adkinsbrian@example.com,4,2026-02-27,"CANCELLED,PENDING,PROCESSING"
42,Melissa Jones,richarddavid@example.com,4,2025-11-29,"PROCESSING,CANCELLED,PENDING"
43,Ashley Riley,barnesbrandy@example.com,4,2025-04-18,"PENDING,CANCELLED,PROCESSING"
99,Shelly Gonzalez,curtisbarton@example.com,4,2026-06-18,RETURNED
101,Mitchell Hunterğ,atkinsonlynn@example.com,4,2025-03-12,"REFUNDED,PENDING,RETURNED,PROCESSING"
123,Hannah Harrison,keithcampbell@example.com,4,2025-02-19,"SHIPPED,RETURNED,REFUNDED"
124,Michele Jones,kristin93@example.com,4,2026-02-15,"PROCESSING,REFUNDED,CANCELLED"
126,Charles Martin,scott74@example.com,4,2025-02-16,"PROCESSING,CANCELLED,RETURNED,SHIPPED"
129,Brenda Smith,barbara27@example.com,4,2026-03-15,"RETURNED,PENDING,REFUNDED"
130,April Ramos,wendygraham@example.com,4,2026-08-04,"RETURNED,SHIPPED,PROCESSING,REFUNDED"
146,Robert Flores,qhughes@example.com,4,2026-05-08,"CANCELLED,RETURNED,PENDING"
163,Julie Williams,swall@example.com,4,2026-04-22,"CANCELLED,RETURNED,PROCESSING"
174,Cynthia Marshall,debra12@example.com,4,2026-01-07,"SHIPPED,PENDING,REFUNDED"
184,Vanessa Fernandez,danieldelacruz@example.com,4,2026-05-13,"REFUNDED,SHIPPED,CANCELLED"
190,Charles Miller,cameronhill@example.com,4,2025-04-26,"CANCELLED,PENDING,SHIPPED"
192,Kenneth Wagner,mcguiredanny@example.com,4,2025-09-25,"REFUNDED,SHIPPED,PENDING,RETURNED"
202,Heather Johnson,sandra50@example.com,4,2025-12-26,"RETURNED,PENDING,SHIPPED,REFUNDED"
211,Jerry Hansen,charles06@example.com,4,2026-05-15,"PROCESSING,CANCELLED"
221,Unknown Customer,laura90@example.com,4,2026-08-10,"PROCESSING,CANCELLED,SHIPPED,RETURNED"
224,Steven Spencer,colelisa@example.com,4,2025-08-25,"PROCESSING,RETURNED,CANCELLED"
230,Melissa Brandt,mathewaguilar@example.com,4,2024-10-29,"PROCESSING,PENDING,RETURNED"
233,Debbie Henderson,coxhenry@example.com,4,2024-05-22,"RETURNED,REFUNDED,SHIPPED,PENDING"
249,Shelby Lynch,parsonsjohn@example.com,4,2025-09-23,"RETURNED,SHIPPED,PENDING,PROCESSING"
294,Lisa Peck,james27@example.com,4,2025-07-15,"PENDING,CANCELLED,REFUNDED,PROCESSING"
303,Benjamin Reeves,jstone@example.com,4,2025-09-25,"PROCESSING,SHIPPED,RETURNED,PENDING"
308,Diana Stanton,jennifersilva@example.com,4,2026-03-11,"SHIPPED,RETURNED,PENDING,CANCELLED"
315,Todd Bernard,jeffrey44@example.com,4,2026-03-28,"RETURNED,CANCELLED"
336,Erik Parks,hannah45@example.com,4,2026-02-19,"RETURNED,SHIPPED,PROCESSING"
345,Julie Lane,ecooper@example.com,4,2025-07-14,"CANCELLED,PENDING,RETURNED"
350,Allison Luna,avilatiffany@example.com,4,2025-07-23,"REFUNDED,SHIPPED,RETURNED"
358,Angela Vargas,conniesimmons@example.com,4,2025-05-11,"CANCELLED,RETURNED,SHIPPED"
362,Anna Faulkner,paulscott@example.com,4,2025-05-01,"REFUNDED,PENDING,RETURNED"
370,Tina Harrison,robin55@example.com,4,2026-05-13,"RETURNED,REFUNDED,CANCELLED"
371,Robert Hart,allentran@example.com,4,2024-05-14,"CANCELLED,SHIPPED"
388,Juan Daniels,whitemelissa@example.com,4,2025-07-19,"PENDING,SHIPPED,CANCELLED"
395,Donna Miller,lauren11@example.com,4,2025-03-18,"SHIPPED,RETURNED,PROCESSING"
398,Curtis Miller,ghawkins@example.com,4,2024-10-21,"PENDING,PROCESSING,SHIPPED"
408,John Bennett,kdiaz@example.com,4,2023-11-18,"REFUNDED,SHIPPED,CANCELLED"
409,James Osborn,bentonsteven@example.com,4,2025-12-29,"SHIPPED,PROCESSING,RETURNED,PENDING"
411,Robert Porter,john26@example.com,4,2025-12-13,"CANCELLED,PENDING,RETURNED"
413,William Knapp,ystephens@example.com,4,2025-10-04,"RETURNED,PROCESSING,PENDING"
417,Jonathan Dixon,seanmyers@example.com,4,2025-11-03,"CANCELLED,RETURNED,REFUNDED"
423,Zachary Arnold,omullen@example.com,4,2026-07-15,"PENDING,CANCELLED,RETURNED,SHIPPED"
444,Amanda Carlson,tiffany44@example.com,4,2025-09-25,"CANCELLED,PENDING"
472,Jose Williams,ohunter@example.com,4,2026-05-25,"PROCESSING,CANCELLED,SHIPPED"
474,Amanda Hernandez,christian32@example.com,4,2024-08-23,"PROCESSING,PENDING,RETURNED"
480,Alexandria Baker,crawfordwilliam@example.com,4,2026-04-25,"REFUNDED,PROCESSING,CANCELLED"
484,Austin Pratt,pwalker@example.com,4,2025-12-22,"PENDING,RETURNED,SHIPPED"
485,Robert Cortez,duncandavid@example.com,4,2025-01-13,"RETURNED,PROCESSING,CANCELLED"
488,Alan Gonzalez,jodi37@example.com,4,2025-11-17,"PROCESSING,RETURNED,REFUNDED,PENDING"
494,Unknown Customer,carpenterwilliam@example.com,4,2025-09-30,PENDING
504,Laura Martinez,davidcolon@example.com,4,2024-11-11,"REFUNDED,PENDING,RETURNED"
523,Marcus Johnson,kimmathis@example.com,4,2025-08-25,"REFUNDED,CANCELLED,SHIPPED"
548,Jeremy Brown,rsheppard@example.com,4,2026-03-16,"PROCESSING,PENDING"
549,Michelle Wells,thomasmiller@example.com,4,2026-02-09,"PENDING,PROCESSING,CANCELLED"
555,Alexandra Barnes,eddiematthews@example.com,4,2025-03-16,"RETURNED,CANCELLED,PROCESSING"
575,William Bates,anna99@example.com,4,2024-09-27,"REFUNDED,CANCELLED,SHIPPED"
617,Paige Alexander,diana08@example.com,4,2026-08-10,"PROCESSING,PENDING,RETURNED,CANCELLED"
618,Katrina Ray,tiffanysantiago@example.com,4,2025-11-17,"CANCELLED,SHIPPED"
644,Justin Boone,millsanthony@example.com,4,2026-05-14,"RETURNED,CANCELLED,SHIPPED"
647,Michael Chavez,juliahoffman@example.com,4,2026-07-26,"PENDING,PROCESSING,REFUNDED"
667,Julie Hernandez,benjamin10@example.com,4,2025-06-18,"RETURNED,PENDING,SHIPPED"
677,Eugene Walker,james29@example.com,4,2024-06-05,"CANCELLED,PROCESSING,PENDING"
684,Dennis Quinn😀,wford@example.com,4,2025-08-16,"PENDING,PROCESSING"
689,Desiree Hernandez,patricialawrence@example.com,4,2025-08-08,"RETURNED,PENDING"
693,Michael Robinson,bryanwood@example.com,4,2026-08-10,"SHIPPED,CANCELLED,PENDING,RETURNED"
703,David Vargas,macdonalddylan@example.com,4,2024-12-05,"CANCELLED,REFUNDED"
716,Jonathan Smith,lanedavid@example.com,4,2026-05-20,"PENDING,PROCESSING"
733,Catherine Lee,qandrews@example.com,4,2025-08-22,"SHIPPED,PROCESSING,PENDING"
737,Michelle Olson,reyeskristina@example.com,4,2025-10-05,"PROCESSING,RETURNED,SHIPPED,PENDING"
738,Jeffrey Haynes,robert58@example.com,4,2025-07-13,"REFUNDED,PROCESSING"
743,Christine Moore,moraemma@example.com,4,2025-12-26,"CANCELLED,PROCESSING,SHIPPED"
757,Lisa Woods,colematthew@example.com,4,2023-11-03,"PROCESSING,CANCELLED,RETURNED"
763,Richard Meadows,matthewedwards@example.com,4,2024-07-30,"REFUNDED,SHIPPED,PROCESSING,RETURNED"
769,Diana Mcclure,johnmitchell@example.com,4,2026-02-03,"SHIPPED,PENDING"
777,Russell Carter,kelleyjacob@example.com,4,2026-01-14,"PROCESSING,SHIPPED"
783,Edwin Booker,teresacampbell@example.com,4,2026-02-17,"CANCELLED,RETURNED,REFUNDED"
784,David Gonzales,christophersmith@example.com,4,2025-01-17,"REFUNDED,SHIPPED,PROCESSING"
790,Unknown Customer,garnerandrea@example.com,4,2025-02-02,"REFUNDED,RETURNED"
796,Michael Moore,martinezjesse@example.com,4,2026-01-30,"SHIPPED,REFUNDED,PENDING"
9,Melissa Delacruz,shawn52@example.com,3,2026-04-07,"PROCESSING,PENDING,REFUNDED"
14,Nicole Day™,donald88@example.com,3,2026-05-09,"PENDING,REFUNDED"
18,Allison Maddox,frazierdanny@example.com,3,2025-08-03,"RETURNED,CANCELLED"
20,Shawn Mckay,teresa28@example.com,3,2026-03-30,"PROCESSING,SHIPPED"
34,Michelle Wright,ltaylor@example.com,3,2025-12-04,"CANCELLED,REFUNDED"
44,Alexandra Donovan,john62@example.com,3,2026-02-25,"REFUNDED,PENDING"
61,Jeffrey Velasquez,kevin33@example.com,3,2024-10-19,"CANCELLED,RETURNED,SHIPPED"
64,Gregory Estes,rodriguezryan@example.com,3,2026-02-04,"REFUNDED,PROCESSING"
70,Amy Smith,russellcarpenter@example.com,3,2025-06-03,"REFUNDED,PENDING"
73,Christine Davis,emilywalker@example.com,3,2025-07-09,"SHIPPED,REFUNDED,PROCESSING"
79,Elizabeth Travis,stephanie79@example.com,3,2025-12-19,"PENDING,SHIPPED,CANCELLED"
83,Joseph Flores,taylorjesse@example.com,3,2024-12-23,"PENDING,REFUNDED,SHIPPED"
91,Elizabeth Miller,michellewhite@example.com,3,2025-02-23,"PROCESSING,PENDING,RETURNED"
111,Michael Chavez,jerry35@example.com,3,2024-06-18,"PROCESSING,CANCELLED,RETURNED"
118,Crystal Brown,christopher31@example.com,3,2025-06-13,"CANCELLED,SHIPPED,PENDING"
138,Alexander Russell,murraydavid@example.com,3,2026-01-19,"PENDING,SHIPPED,REFUNDED"
143,Mary Carpenter,cgrimes@example.com,3,2025-09-09,"PENDING,REFUNDED,RETURNED"
155,Brandon Flynn,nicholas23@example.com,3,2026-03-24,"PENDING,REFUNDED"
172,Miguel Curry,xcarson@example.com,3,2026-01-17,"RETURNED,PENDING,SHIPPED"
173,Daniel Hall,rose31@example.com,3,2025-07-21,"PENDING,CANCELLED"
180,Tammy Rush™,ndavis@example.com,3,2025-01-19,"PROCESSING,SHIPPED,CANCELLED"
182,David Cunningham,brendali@example.com,3,2026-07-17,"SHIPPED,REFUNDED"
186,Joseph Martinez,reesethomas@example.com,3,2025-09-18,"RETURNED,PENDING,SHIPPED"
204,Cynthia Johnson,nicholaschavez@example.com,3,2026-01-21,"REFUNDED,PROCESSING,RETURNED"
205,Eric Collins,wareeric@example.com,3,2025-05-30,"REFUNDED,CANCELLED"
212,Andrew Morse,barbara96@example.com,3,2026-01-03,"SHIPPED,CANCELLED"
215,Ryan Morales,vharrell@example.com,3,2025-03-13,"SHIPPED,PROCESSING"
216,Matthew Cook,dixondaniel@example.com,3,2025-04-07,"CANCELLED,RETURNED,PENDING"
223,Marie Jones,gilbertwilliam@example.com,3,2026-02-05,"PENDING,REFUNDED,RETURNED"
226,Lisa Monroe,wagnergerald@example.com,3,2025-05-12,"PENDING,RETURNED"
229,Cameron Davis,umitchell@example.com,3,2025-01-29,"PROCESSING,CANCELLED,SHIPPED"
253,Christopher Villegas,myerstheodore@example.com,3,2026-02-11,"PENDING,PROCESSING,SHIPPED"
268,Kimberly Johnsonğ,kimberlydiaz@example.com,3,2025-04-20,"CANCELLED,SHIPPED"
270,Nathan Hines,alyssasanders@example.com,3,2026-08-10,"CANCELLED,PENDING,PROCESSING"
272,Unknown Customer,jane39@example.com,3,2025-03-05,"SHIPPED,RETURNED,PENDING"
275,Valerie Contreras,piercekelly@example.com,3,2023-09-09,"CANCELLED,PROCESSING,RETURNED"
279,Unknown Customer,xfox@example.com,3,2026-01-21,"PROCESSING,SHIPPED,PENDING"
298,Melanie Jordan,jessica65@example.com,3,2025-08-11,"CANCELLED,PROCESSING,SHIPPED"
300,Paul Cole,marcia99@example.com,3,2025-03-25,"PROCESSING,CANCELLED,PENDING"
302,Sheila Fischer,cporter@example.com,3,2025-05-27,"PENDING,CANCELLED,SHIPPED"
307,Laura Swanson,carlsonjoseph@example.com,3,2025-11-08,"SHIPPED,CANCELLED"
316,Janet Vaughn,timothy84@example.com,3,2025-02-27,"SHIPPED,PENDING"
323,Sarah Russell,mwoods@example.com,3,2025-01-24,"REFUNDED,PROCESSING,SHIPPED"
324,Unknown Customer,velezchristopher@example.com,3,2025-10-25,"RETURNED,REFUNDED,PENDING"
341,James Herrera,melissa71@example.com,3,2025-04-19,"SHIPPED,CANCELLED,PENDING"
342,Erin Love,nolansean@example.com,3,2025-08-19,"CANCELLED,PROCESSING,REFUNDED"
344,Steven Roman,fosterlisa@example.com,3,2025-11-18,"PROCESSING,SHIPPED,CANCELLED"
357,Kevin Thomas,roberthill@example.com,3,2026-07-25,"SHIPPED,PENDING,CANCELLED"
359,Tyler Compton,ufloyd@example.com,3,2026-05-19,"REFUNDED,SHIPPED"
378,Christine Estrada,bhopkins@example.com,3,2026-08-10,"SHIPPED,RETURNED"
383,Annette Branch,gabriella10@example.com,3,2025-11-30,"SHIPPED,RETURNED"
385,Jacqueline Miller,vnewman@example.com,3,2024-04-14,"REFUNDED,CANCELLED"
387,Heather Knight,glassgabrielle@example.com,3,2025-11-27,"RETURNED,REFUNDED"
390,Francisco Allen,irhodes@example.com,3,2026-07-14,"SHIPPED,PENDING"
404,Christina Ellis,adam65@example.com,3,2025-08-19,"REFUNDED,CANCELLED"
414,Tanya Miles,rodriguezjohn@example.com,3,2025-04-13,"PROCESSING,REFUNDED,PENDING"
428,Michelle Rose,candice96@example.com,3,2023-07-16,"RETURNED,REFUNDED"
442,Kimberly Youngω,michelle96@example.com,3,2025-03-19,SHIPPED
450,Stephanie Murphy,simonstephen@example.com,3,2024-06-09,"CANCELLED,PENDING"
457,Brett Garrett,rubendavis@example.com,3,2025-09-09,"PENDING,REFUNDED"
460,Unknown Customer,crosscurtis@example.com,3,2026-08-10,"SHIPPED,PENDING,REFUNDED"
479,Unknown Customer,rogersruben@example.com,3,2025-10-31,"PROCESSING,REFUNDED"
487,Steven Campbell,mark87@example.com,3,2026-05-25,"PROCESSING,PENDING,RETURNED"
505,Nathan Mccoy,aguilarjonathan@example.com,3,2026-06-13,"PENDING,PROCESSING"
507,David Stein,david70@example.com,3,2026-08-10,"REFUNDED,PENDING,CANCELLED"
510,Edgar Mendez,deborahporter@example.com,3,2026-07-16,"PENDING,REFUNDED,PROCESSING"
511,Nicole Mendoza,patrick63@example.com,3,2026-03-06,"SHIPPED,CANCELLED,RETURNED"
538,Patricia Bush,catherinehamilton@example.com,3,2025-09-09,"CANCELLED,RETURNED,REFUNDED"
543,Jamie Little,tanthony@example.com,3,2025-08-09,"PENDING,RETURNED,REFUNDED"
545,Unknown Customer,seanbaker@example.com,3,2024-05-08,"PROCESSING,PENDING,REFUNDED"
552,Vanessa Graham,maryscott@example.com,3,2026-05-22,"RETURNED,SHIPPED"
553,Renee Sloan,hughesray@example.com,3,2025-10-13,"CANCELLED,REFUNDED"
558,Todd Lynch,joshuathomas@example.com,3,2026-03-06,"REFUNDED,RETURNED,PROCESSING"
574,Stephen Robinson,asilva@example.com,3,2024-08-02,"PENDING,PROCESSING"
576,Justin Cohen,rogersjoshua@example.com,3,2026-07-13,"RETURNED,REFUNDED,PENDING"
585,Steven Wilson,kennedyjames@example.com,3,2025-09-19,"PENDING,CANCELLED,SHIPPED"
592,Stephanie Mcclain,andrewsmith@example.com,3,2025-06-24,"PROCESSING,SHIPPED,RETURNED"
602,Elaine Nelson,robertroach@example.com,3,2025-04-28,"PENDING,PROCESSING,RETURNED"
612,Lisa White,rrivers@example.com,3,2026-07-27,"PROCESSING,PENDING"
614,Garrett Anderson,jarvismegan@example.com,3,2025-10-09,"PROCESSING,SHIPPED"
623,Tara Williams,ppowell@example.com,3,2024-03-17,"REFUNDED,PENDING,SHIPPED"
629,Jennifer Wilson,aaronkelly@example.com,3,2025-12-11,"REFUNDED,CANCELLED"
642,William Benson,hodgesanna@example.com,3,2023-09-30,"RETURNED,SHIPPED,PENDING"
643,Brandi Bender,icraig@example.com,3,2025-12-05,"SHIPPED,CANCELLED"
655,Bill Mcfarland,ayalacolleen@example.com,3,2025-06-22,"REFUNDED,SHIPPED,PENDING"
687,Charles Jones,hessbeth@example.com,3,2026-05-26,"CANCELLED,REFUNDED,PENDING"
695,Bill Wong😀,mary49@example.com,3,2026-01-02,"REFUNDED,PROCESSING"
720,Timothy Wood,tking@example.com,3,2025-02-14,"PENDING,REFUNDED,PROCESSING"
729,Zachary Hall,warddiana@example.com,3,2025-08-06,"SHIPPED,PROCESSING"
732,Jessica Hansen,michael43@example.com,3,2023-05-21,"REFUNDED,PROCESSING,SHIPPED"
745,Leslie Villanueva,travis84@example.com,3,2025-01-23,"PROCESSING,RETURNED"
752,Michael Morales,ashleykrause@example.com,3,2026-01-07,"REFUNDED,CANCELLED"
753,Gina Olsen,linda86@example.com,3,2026-07-30,"CANCELLED,RETURNED,PROCESSING"
787,Charles Harrison,lisa01@example.com,3,2026-05-28,"PENDING,REFUNDED,SHIPPED"
21,Unknown Customer,ericfarmer@example.com,2,2023-03-06,"PENDING,RETURNED"
46,Anna Garcia,williamanderson@example.com,2,2025-01-27,"PROCESSING,RETURNED"
53,Tina Martin,hhoffman@example.com,2,2024-12-13,"PENDING,RETURNED"
54,Charles Ware,amydavenport@example.com,2,2026-01-25,SHIPPED
71,Diana Marshall,williamleon@example.com,2,2025-07-20,"PROCESSING,CANCELLED"
82,Kimberly Washington,scott43@example.com,2,2025-12-15,"SHIPPED,RETURNED"
89,Todd Price,dramsey@example.com,2,2025-07-31,PROCESSING
95,Karen Herring,howelljohn@example.com,2,2024-02-18,"REFUNDED,CANCELLED"
97,Miguel Obrien,stricklandfrank@example.com,2,2024-10-07,"PROCESSING,REFUNDED"
100,Melissa Burke,reedross@example.com,2,2025-10-16,"REFUNDED,PROCESSING"
107,Lauren Peterson,angela83@example.com,2,2024-11-08,"CANCELLED,PROCESSING"
114,Jeremy White,joshuamccann@example.com,2,2025-03-07,"RETURNED,PROCESSING"
121,Brian Choi,colleenbaker@example.com,2,2024-08-15,"CANCELLED,RETURNED"
125,Ronald Stephens,rebekahserrano@example.com,2,2026-07-08,"PROCESSING,SHIPPED"
137,Anthony Mccoy,jennifercollins@example.com,2,2025-06-10,"PENDING,RETURNED"
150,Eric Harrison,cindy61@example.com,2,2025-09-08,"RETURNED,REFUNDED"
169,Tammy Phillips,linda71@example.com,2,2024-04-17,"CANCELLED,REFUNDED"
188,Bradley Logan,stephen00@example.com,2,2026-04-20,"SHIPPED,REFUNDED"
235,Chris Richard,stanleynancy@example.com,2,2025-07-24,"PENDING,REFUNDED"
239,Amanda Collins,mmckee@example.com,2,2026-03-16,"PENDING,RETURNED"
244,Dylan Kim,lisawilkerson@example.com,2,2026-08-10,"RETURNED,CANCELLED"
267,William Brady,thomascathy@example.com,2,2025-07-11,CANCELLED
273,Justin Hendricks,davidfarrell@example.com,2,2024-10-28,"REFUNDED,PROCESSING"
286,Rachel Morgan,bryananthony@example.com,2,2025-04-03,PROCESSING
290,Scott Washington,catherine55@example.com,2,2023-08-02,"RETURNED,PROCESSING"
293,Brent Dougherty,kwright@example.com,2,2024-11-14,PENDING
319,Jennifer Reed,julie33@example.com,2,2026-05-16,"CANCELLED,PENDING"
327,Tyler Zuniga,nancy04@example.com,2,2026-06-25,"CANCELLED,SHIPPED"
346,Unknown Customer,andersenthomas@example.com,2,2026-01-10,"SHIPPED,PENDING"
355,Scott Fernandez,taylorvictoria@example.com,2,2026-06-18,"CANCELLED,PROCESSING"
364,Joseph Nunez,russojacob@example.com,2,2025-12-11,"PROCESSING,CANCELLED"
386,Ariel Hodge,hallrachel@example.com,2,2023-02-18,"PENDING,PROCESSING"
420,Michael Cooper,adrianabailey@example.com,2,2024-02-13,"SHIPPED,RETURNED"
434,Leonard Hayes™,stephanie72@example.com,2,2024-04-16,"RETURNED,SHIPPED"
473,Jennifer Wang,imiller@example.com,2,2026-08-09,"PROCESSING,RETURNED"
486,Emily Williams,finleycasey@example.com,2,2025-07-17,"REFUNDED,PROCESSING"
497,Mark Chavez,hardingderek@example.com,2,2024-10-14,"REFUNDED,RETURNED"
533,Samuel Barnes,ysnyder@example.com,2,2026-04-07,"PROCESSING,PENDING"
557,Justin Nichols,pbaker@example.com,2,2024-06-24,"PENDING,CANCELLED"
559,Charlotte Steele,vpreston@example.com,2,2026-02-04,"SHIPPED,PROCESSING"
568,William Reid,allentracy@example.com,2,2026-06-19,"RETURNED,PENDING"
578,Rachel Trujillo,rguerrero@example.com,2,2025-07-06,"PENDING,REFUNDED"
581,Gina Little,william28@example.com,2,2025-08-20,"REFUNDED,SHIPPED"
601,Johnny Miles,turnerdorothy@example.com,2,2024-10-02,"SHIPPED,PENDING"
606,Jimmy Smith,conleyelizabeth@example.com,2,2025-10-29,"RETURNED,SHIPPED"
616,Kimberly Carr,timothyfreeman@example.com,2,2023-05-08,"CANCELLED,PENDING"
634,Mary Chapman,lellis@example.com,2,2026-05-04,SHIPPED
635,Stephanie Taylor,morenobrandon@example.com,2,2025-09-17,"PROCESSING,PENDING"
638,Tiffany Moon,joshuastuart@example.com,2,2025-09-23,"CANCELLED,SHIPPED"
646,Frances Thomas,james80@example.com,2,2024-06-22,"REFUNDED,CANCELLED"
662,Unknown Customer,willie87@example.com,2,2025-07-09,"PROCESSING,SHIPPED"
671,Sarah Rodriguez,catherine47@example.com,2,2025-08-28,"REFUNDED,CANCELLED"
692,Erik Knight,jillwebb@example.com,2,2025-11-12,"PENDING,SHIPPED"
698,Zachary Gomez,tommy79@example.com,2,2024-05-18,"REFUNDED,CANCELLED"
706,Catherine Ruiz,jeffreyjenkins@example.com,2,2025-05-07,RETURNED
708,Gary Jennings,ecarlson@example.com,2,2025-03-31,"PROCESSING,PENDING"
717,Adrian Pena,robert12@example.com,2,2025-03-02,"REFUNDED,PROCESSING"
722,Julie Griffin,craigromero@example.com,2,2025-02-16,"PROCESSING,RETURNED"
735,Daryl Palmer,heather69@example.com,2,2023-11-30,"PROCESSING,CANCELLED"
742,Jill Salas,jameswright@example.com,2,2026-03-17,PENDING
750,Jordan Dunn,thomas95@example.com,2,2022-11-02,"REFUNDED,RETURNED"
755,Robert Taylor,kristen44@example.com,2,2026-02-28,"SHIPPED,RETURNED"
756,Anna Bradley,vaughnbrian@example.com,2,2023-10-13,"REFUNDED,RETURNED"
762,Crystal Thomas,robert99@example.com,2,2024-11-13,"PROCESSING,RETURNED"
764,Denise Page,cnelson@example.com,2,2025-09-07,"REFUNDED,SHIPPED"
767,Garrett Garcia,bkelley@example.com,2,2026-08-10,"PROCESSING,SHIPPED"
768,Kelli Warren,bakereric@example.com,2,2026-01-09,"SHIPPED,CANCELLED"
789,James Moss,thomasmaldonado@example.com,2,2024-07-03,"SHIPPED,CANCELLED"
795,Eric Davis,sarah00@example.com,2,2025-09-23,CANCELLED
5,Roberto Ramirez,curtis61@example.com,1,2024-06-24,PENDING
11,Jessica Martin,veronica83@example.com,1,2023-11-30,SHIPPED
87,Kenneth Price,vmedina@example.com,1,2024-11-05,PENDING
133,Lisa Pierce,edwardsmarcus@example.com,1,2025-05-20,PROCESSING
141,James Greene,michellehill@example.com,1,2024-03-02,CANCELLED
194,Robert Wilcox,ublair@example.com,1,2026-05-23,SHIPPED
201,Lindsay Bruce,lynchdiane@example.com,1,2025-12-15,RETURNED
203,Howard Thomas,vjones@example.com,1,2026-04-24,REFUNDED
219,Gregory Mejia,wwebster@example.com,1,2022-10-16,PENDING
234,Jason Meza,jeremytaylor@example.com,1,2025-11-03,CANCELLED
240,Micheal Valentine,xhammond@example.com,1,2025-12-12,REFUNDED
262,Tyler Jimenez,laurie61@example.com,1,2023-06-20,RETURNED
263,Ryan Carney,manuel15@example.com,1,2025-09-13,PROCESSING
277,David Harris,kristyjohnson@example.com,1,2024-04-04,RETURNED
281,Erin Cooper,katrinaanderson@example.com,1,2023-06-21,SHIPPED
282,Wesley Oneill,holmeskevin@example.com,1,2024-05-13,CANCELLED
309,George Fuller,rhernandez@example.com,1,2026-04-26,PROCESSING
320,Maria Nelson,derrick99@example.com,1,2025-02-26,SHIPPED
321,John Williams,danawilliams@example.com,1,2022-12-29,RETURNED
340,Michael Stark,poolerebecca@example.com,1,2026-03-03,RETURNED
375,Jack Preston,warrenmary@example.com,1,2023-12-01,CANCELLED
389,Alexis Clark,thickman@example.com,1,2023-10-13,REFUNDED
403,Kevin Patton,sheryl79@example.com,1,2026-08-05,RETURNED
407,Raymond Flores,yfaulkner@example.com,1,2025-07-20,PENDING
430,Janice Evans,powerslawrence@example.com,1,2026-01-22,RETURNED
437,Kathleen Carter,amandajackson@example.com,1,2025-06-12,PENDING
438,Stephen Newton,hdunn@example.com,1,2024-12-14,PENDING
446,Robert Brown,jacquelineanderson@example.com,1,2024-01-13,CANCELLED
447,Dustin Morris™,kburns@example.com,1,2022-09-03,CANCELLED
470,David Valenciañ,rdiaz@example.com,1,2023-02-05,RETURNED
477,Cheryl Brown™,davidzimmerman@example.com,1,2023-05-05,REFUNDED
517,Barbara Mcgrath,savannah22@example.com,1,2022-10-22,REFUNDED
563,Joseph Butler,lopezjason@example.com,1,2024-11-16,PENDING
566,Ashley Thompson,marywright@example.com,1,2022-10-02,SHIPPED
609,Morgan Phelps,ronald11@example.com,1,2023-10-07,SHIPPED
628,Martin Saunders,xmoran@example.com,1,2026-08-10,RETURNED
670,Adam Cortez,haynescharles@example.com,1,2025-11-25,SHIPPED
694,Brad Clark,paul70@example.com,1,2024-10-16,REFUNDED
718,Ronald Richards,ncunningham@example.com,1,2025-03-28,CANCELLED
725,Christopher Baker,lynchjenny@example.com,1,2024-02-06,CANCELLED
726,Sarah Morales,jennifer90@example.com,1,2026-04-25,REFUNDED
751,Michael Jimenez,xhaynes@example.com,1,2024-02-06,CANCELLED
773,Kaitlyn Wiley,regina78@example.com,1,2024-07-02,CANCELLED
774,Jeremy Davis,robert24@example.com,1,2022-11-24,CANCELLED
785,Jeff Fisher,dbolton@example.com,1,2026-02-04,PENDING
800,Unknown Customer,mikayla98@example.com,1,2024-05-21,SHIPPED
