customer_id,name,recency_days,frequency,monetary,r_score,f_score,m_score,rfm_cell,rfm_total
31,Barbara Sanchez,94,5,81667.47,5,5,5,555,15
156,Amanda Knight,90,6,72886.01,5,5,5,555,15
513,Michael Stephens,89,4,66725.29,5,5,5,555,15
135,Robert Lopez,85,4,62728.3,5,5,5,555,15
716,Jonathan Smith,81,4,59071.07,5,5,5,555,15
261,Pamela Paul,78,5,51320.31,5,5,5,555,15
86,Unknown Customer,76,5,67625.27,5,5,5,555,15
220,Bethany Maldonado,69,5,58224.63,5,5,5,555,15
32,Donna Gomez,67,6,86858.69,5,5,5,555,15
432,Devin Reyes,66,5,79611.33,5,5,5,555,15
591,Roy Woods,55,8,67595.11,5,5,5,555,15
588,Henry Miller,51,7,83715.9,5,5,5,555,15
758,Michael Castro,42,6,51202.82,5,5,5,555,15
526,Debra Thompson,36,5,55853.11,5,5,5,555,15
600,Andrew Norris,34,5,58000.33,5,5,5,555,15
210,David Jimenez,33,5,67493.93,5,5,5,555,15
665,Crystal Lewis,33,6,59424.43,5,5,5,555,15
193,Diana Rich,28,5,70571.56,5,5,5,555,15
397,Daniel Smith,26,4,77150.6,5,5,5,555,15
579,Donald Johnson,24,7,49709.97,5,5,5,555,15
2,Erica Mcclain,23,6,61033.41,5,5,5,555,15
198,Morgan Pugh,23,6,78995.34,5,5,5,555,15
3,Jeffery Wagner,20,5,59137.4,5,5,5,555,15
292,Daniel Allen,18,5,49554.23,5,5,5,555,15
365,Kathleen Ramsey,14,8,61028.12,5,5,5,555,15
562,Corey Melton,11,5,56636.05,5,5,5,555,15
541,Philip Dunn,5,4,60104.44,5,5,5,555,15
271,Debra Wright,3,5,73714.01,5,5,5,555,15
148,Wayne Lawrence,3,6,57680.8,5,5,5,555,15
630,Cynthia Marsh,0,4,68695.43,5,5,5,555,15
466,John Newman,0,6,71778.36,5,5,5,555,15
499,David Howard,0,5,52645.8,5,5,5,555,15
468,Kristen Leon,0,5,68320.87,5,5,5,555,15
761,Kim Griffin,0,5,68609.6,5,5,5,555,15
236,Christine Harper,0,5,73001.99,5,5,5,555,15
208,Erika Watkins,0,6,54666.69,5,5,5,555,15
245,Sarah Perry,0,6,76625.44,5,5,5,555,15
361,Thomas Atkinson,0,6,83536.88,5,5,5,555,15
691,Elaine Charles,0,6,85316.57,5,5,5,555,15
746,Raymond Christensen,0,7,109225.74,5,5,5,555,15
712,Rachel Ryan,0,9,76622.74,5,5,5,555,15
512,Dawn Robles,237,4,55573.93,4,5,5,455,14
681,Rachel Stewart,237,7,74862.41,4,5,5,455,14
189,Yolanda Boone,230,5,54485.42,4,5,5,455,14
311,Robert Gutierrez,229,4,60842.64,4,5,5,455,14
688,Kayla Lewis,224,4,61536.49,4,5,5,455,14
50,Julia Moore,220,4,72645.19,4,5,5,455,14
664,Cody Bonilla,219,7,70809.33,4,5,5,455,14
744,Elizabeth Austin,209,4,69692.64,4,5,5,455,14
289,John Aguirre,191,4,63205.2,4,5,5,455,14
710,William Barnes,184,6,75244.46,4,5,5,455,14
328,Ashley Rodriguez,183,8,67576.45,4,5,5,455,14
577,Mark Hill,171,5,58395.17,4,5,5,455,14
381,Daniel Davis,169,5,69784.22,4,5,5,455,14
713,Nancy Wolfe,168,5,65490.08,4,5,5,455,14
330,Daniel Martin,168,6,58280.25,4,5,5,455,14
74,James Johnson,167,6,94463.83,4,5,5,455,14
36,Andrea Williams,164,4,58626.31,4,5,5,455,14
454,Mary Smith,164,8,99381.84,4,5,5,455,14
8,Barbara Bush,160,6,50305.93,4,5,5,455,14
424,Lauren Soto✓,149,5,55139.32,4,5,5,455,14
590,Kristen Chan,149,6,65078.05,4,5,5,455,14
366,Mason Krueger,143,4,57843.66,4,5,5,455,14
145,Molly Pollard,143,5,67050.11,4,5,5,455,14
570,Justin Hughes中,136,5,54277.5,4,5,5,455,14
441,Shannon Bailey,136,5,100598.09,4,5,5,455,14
120,Rebekah Evans,130,4,58668.19,4,5,5,455,14
394,Tracy Kelly,128,9,115071.81,4,5,5,455,14
213,Jenna Butler,125,6,73975.72,4,5,5,455,14
567,Stephen Hull,123,4,71320.35,4,5,5,455,14
191,Cynthia Kelley,106,6,51450.04,4,5,5,455,14
162,Tiffany Barrett,96,6,57195.83,4,5,5,455,14
465,Karen Lawrence,90,4,50987.04,5,4,5,545,14
102,Daniel Yu,75,3,53047.2,5,4,5,545,14
27,Emily Brooks,71,6,47285.68,5,5,4,554,14
701,Robert Rivera,65,4,51134.06,5,4,5,545,14
496,Joel Green,52,5,42372.9,5,5,4,554,14
405,Meagan James,51,4,53950.81,5,4,5,545,14
734,Gregory Hunter,49,5,40106.17,5,5,4,554,14
425,Christina Gonzalez,37,6,37108.17,5,5,4,554,14
705,Dana Johns,27,6,47718.36,5,5,4,554,14
57,Michael Castro,27,7,48970.9,5,5,4,554,14
92,Jorge Murphy,21,3,69391.02,5,4,5,545,14
461,Lawrence Ibarra,20,5,42550.34,5,5,4,554,14
158,Jesse Little,20,6,42705.86,5,5,4,554,14
455,Susan Harris,7,6,40547.15,5,5,4,554,14
765,Kimberly Mcmillan,0,5,48992.4,5,5,4,554,14
759,Unknown Customer,416,4,66587.49,3,5,5,355,13
443,Gabriel Taylor,410,5,78668.26,3,5,5,355,13
498,Kayla Rodriguez,397,6,60709.37,3,5,5,355,13
160,Hannah Bryant,390,5,87435.6,3,5,5,355,13
69,Elizabeth Gray,386,6,54707.6,3,5,5,355,13
674,Erica Sloan,373,4,57227.66,3,5,5,355,13
200,Daniel Bruce,366,4,65985.25,3,5,5,355,13
733,Catherine Lee,352,4,65353.9,3,5,5,355,13
740,Kaitlyn Peterson,327,5,59073.32,3,5,5,355,13
249,Shelby Lynch,320,4,69747.33,3,5,5,355,13
77,Nicole Osborne,315,5,53979.17,3,5,5,355,13
168,Kristin Walter,304,5,87242.87,3,5,5,355,13
199,Michael Lane,286,5,54962.14,3,5,5,355,13
284,Meghan King,283,7,57121.13,3,5,5,355,13
376,Charles Meyers,272,4,65180.97,3,5,5,355,13
673,Derek Myers,272,5,68679.39,3,5,5,355,13
195,Ronald Ortega,269,5,73235.56,3,5,5,355,13
360,Heather Russell,266,5,55672.54,3,5,5,355,13
119,Angela Butler,266,5,60217.85,3,5,5,355,13
178,Antonio Wood,258,5,55085.48,3,5,5,355,13
260,Michael Norman,251,6,51076.21,3,5,5,355,13
519,Stacey Elliott,228,3,71601.71,4,4,5,445,13
251,Candice Smith,221,4,53629.02,4,4,5,445,13
625,Sergio Wilson,207,5,38269.04,4,5,4,454,13
23,Daniel Cox,188,7,42341.86,4,5,4,454,13
769,Diana Mcclure,187,4,53194.85,4,4,5,445,13
453,Ashlee Washington,182,3,53690.75,4,4,5,445,13
296,William Levy,180,4,50685.84,4,4,5,445,13
483,John Ruiz,163,4,51557.87,4,4,5,445,13
117,Shelley Woods,161,6,38746.55,4,5,4,454,13
1,Danielle Johnson,123,5,45665.29,4,5,4,454,13
252,Aaron Gomez,89,4,47535.48,5,4,4,544,13
644,Justin Boone,87,3,42464.36,5,4,4,544,13
48,Jade Carr,78,3,41319.18,5,4,4,544,13
569,Sean Horne,68,4,39574.13,5,4,4,544,13
217,William Bullock,55,4,44436.61,5,4,4,544,13
4,Robert Cole,54,3,46165.42,5,4,4,544,13
176,Derek Chavez,22,4,35245.53,5,4,4,544,13
658,Christopher Walker,22,4,44706.8,5,4,4,544,13
610,Melissa Zamora,21,3,40891.5,5,4,4,544,13
580,Paul Johnson,3,5,28319.56,5,5,3,553,13
528,Jacqueline Berry,2,4,47770.92,5,4,4,544,13
532,John Jones,0,4,37870.58,5,4,4,544,13
132,Mia Rivera,0,4,47172.83,5,4,4,544,13
792,Elizabeth Mcpherson,619,5,70626.86,2,5,5,255,12
520,Unknown Customer,593,5,75568.54,2,5,5,255,12
318,Loretta Blevins,579,4,71093.78,2,5,5,255,12
153,Gabrielle Mitchell,575,4,87315.02,2,5,5,255,12
392,Brian Kim,571,4,74120.59,2,5,5,255,12
128,Bill Reynolds,543,5,63969.57,2,5,5,255,12
66,Jonathan Fletcher,535,5,67957.32,2,5,5,255,12
256,Matthew Day,527,4,58747.55,2,5,5,255,12
232,Sharon Collins,510,5,61061.81,2,5,5,255,12
435,James Cruz,492,5,55701.53,2,5,5,255,12
648,John Mueller,483,4,55989.87,2,5,5,255,12
621,Patricia Salazar,454,6,53874.06,2,5,5,255,12
353,Christina Mayer,453,4,64266.57,2,5,5,255,12
241,Patrick Rose,418,4,54359.08,3,4,5,345,12
439,Ashley Adams,408,5,44143.71,3,5,4,354,12
96,Thomas Wilson,407,4,51999.02,3,4,5,345,12
749,Alexander Clark,407,5,48429.54,3,5,4,354,12
393,Stephanie Sanders,397,5,35958.48,3,5,4,354,12
345,Julie Lane,391,3,57897.67,3,4,5,345,12
547,Colin Barnett,391,6,37542.24,3,5,4,354,12
412,Kristina Jones,380,3,53001.94,3,4,5,345,12
631,Travis Underwood,367,4,53760.53,3,4,5,345,12
421,Connor Bowen,360,5,39358.58,3,5,4,354,12
521,Jesse Robinson,349,5,43222.57,3,5,4,354,12
399,Ricky Johnson,324,5,41157.15,3,5,4,354,12
303,Benjamin Reeves,318,4,49638.77,3,4,5,345,12
494,Unknown Customer,313,4,50628.24,3,4,5,345,12
413,William Knapp,309,4,52064.53,3,4,5,345,12
582,Howard Davis✓,266,3,61190.15,3,4,5,345,12
488,Alan Gonzalez,265,3,56508.12,3,4,5,345,12
383,Annette Branch,252,3,70166.86,3,4,5,345,12
484,Austin Pratt,230,4,37371.09,4,4,4,444,12
531,Lorraine Santiago,228,3,40624.96,4,4,4,444,12
551,Gerald Joyce,219,3,42199.35,4,4,4,444,12
597,Lisa Smith,212,3,48787.78,4,4,4,444,12
525,Kevin Taylor,211,4,45984.71,4,4,4,444,12
401,Rachel Stein,206,4,43316.58,4,4,4,444,12
779,Maria Walker,191,4,42885.87,4,4,4,444,12
493,Robert Woodward,184,3,45826.24,4,4,4,444,12
253,Christopher Villegas,179,3,44987.49,4,4,4,444,12
336,Erik Parks,171,4,40864.24,4,4,4,444,12
436,Robert Larsen,168,4,37815.05,4,4,4,444,12
548,Jeremy Brown,146,4,46015.0,4,4,4,444,12
157,Monica Harvey,136,4,46272.15,4,4,4,444,12
374,Steven Oconnor,123,3,43512.99,4,4,4,444,12
458,Cody Lewis,121,3,44280.72,4,4,4,444,12
793,Laura Richards,113,4,39611.32,4,4,4,444,12
651,Janet Holland,98,4,38394.68,4,4,4,444,12
604,Chelsea Strickland,72,4,28915.9,5,4,3,543,12
427,Amanda Diaz,69,4,29564.92,5,4,3,543,12
246,Jeffrey Flores,63,4,34185.97,5,4,3,543,12
15,Jose Richards,60,4,30338.23,5,4,3,543,12
561,Lisa Turner,55,5,18566.34,5,5,2,552,12
99,Shelly Gonzalez,52,4,29049.35,5,4,3,543,12
637,Lisa Garcia,52,4,30656.28,5,4,3,543,12
481,Brian Villarreal,49,4,29386.78,5,4,3,543,12
209,Brian Harris,48,4,31233.03,5,4,3,543,12
709,Jerry Cruz,42,3,38593.15,5,3,4,534,12
647,Michael Chavez,14,3,37208.99,5,3,4,534,12
312,Samantha Salas,10,4,33886.32,5,4,3,543,12
702,Jason Martin,3,4,32607.7,5,4,3,543,12
221,Unknown Customer,0,3,35373.46,5,3,4,534,12
25,David Keller,0,3,35459.57,5,3,4,534,12
653,Willie Bennett,0,4,30143.66,5,4,3,543,12
620,Timothy Alvarado,0,5,21132.4,5,5,2,552,12
377,Jesse Mann,1010,4,61972.11,1,5,5,155,11
297,Carla Cameron,774,4,74305.0,1,5,5,155,11
626,Angela Smith,771,4,61202.71,1,5,5,155,11
264,Donna Parker,748,4,64422.77,1,5,5,155,11
707,Douglas Aguilar,735,4,74844.02,1,5,5,155,11
248,Christina Bullock,726,6,54464.83,1,5,5,155,11
12,Gabrielle Cameron,725,4,58545.04,1,5,5,155,11
474,Amanda Hernandez,716,4,59962.27,1,5,5,155,11
776,Alan Weeks,699,4,69240.71,1,5,5,155,11
356,Jim Hendricks,689,5,69839.46,1,5,5,155,11
656,Megan Turner,575,5,37338.22,2,5,4,254,11
485,Robert Cortez,573,3,50677.98,2,4,5,245,11
537,Eugene Jones,540,3,65921.46,2,4,5,245,11
81,Michelle Coleğ,488,5,36067.99,2,5,4,254,11
772,Sarah Dunn,430,5,49382.41,2,5,4,254,11
667,Julie Hernandez,417,4,36881.07,3,4,4,344,11
410,Jeanette Gonzales,398,4,43032.04,3,4,4,344,11
501,Jason Gates,396,4,47350.94,3,4,4,344,11
622,Tyler Martin,396,4,48799.34,3,4,4,344,11
85,Steven Brown,392,4,48276.25,3,4,4,344,11
689,Desiree Hernandez,366,4,38834.82,3,4,4,344,11
603,William Williamson,345,3,43052.83,3,4,4,344,11
690,Mercedes Anderson,330,3,42278.0,3,4,4,344,11
192,Kenneth Wagner,318,3,43591.46,3,4,4,344,11
539,Brian Rivera,310,4,44624.24,3,4,4,344,11
259,Veronica Daniels,306,3,48211.9,3,4,4,344,11
373,Ashley Sanchez,306,4,44123.2,3,4,4,344,11
645,Dustin Santiago,295,3,47847.87,3,4,4,344,11
500,Melissa Davis,268,4,42617.24,3,4,4,344,11
598,William Martinez,263,3,47761.44,3,4,4,344,11
679,Kelly Jones,251,3,43975.53,3,4,4,344,11
347,Justin White,251,4,36563.86,3,4,4,344,11
88,Amy Morrison,245,3,49322.83,3,4,4,344,11
51,Cynthia Baker,245,4,37709.06,3,4,4,344,11
310,John Armstrong,223,4,34126.19,4,4,3,443,11
104,Steven Petersen,221,3,36630.79,4,3,4,434,11
781,Robert Castaneda,220,4,32483.98,4,4,3,443,11
174,Cynthia Marshall,214,3,39168.86,4,3,4,434,11
777,Russell Carter,207,4,33531.08,4,4,3,443,11
659,Stephanie Montgomery,181,4,26158.67,4,4,3,443,11
227,John Kim,172,4,26686.26,4,4,3,443,11
237,Colleen Orr,154,4,26411.34,4,4,3,443,11
529,Lisa Carr,153,2,67288.67,4,2,5,425,11
331,Krystal Bradley,150,4,31048.0,4,4,3,443,11
222,Michael Jones,138,4,33784.06,4,4,3,443,11
20,Shawn Mckay,132,3,38519.7,4,3,4,434,11
636,Savannah Roberson,129,3,37368.71,4,3,4,434,11
116,Audrey Harrison,113,3,35423.35,4,3,4,434,11
163,Julie Williams,109,3,35027.0,4,3,4,434,11
368,Randy Allen,94,3,30501.3,5,3,3,533,11
218,Curtis Scott,81,2,44382.01,5,2,4,524,11
552,Vanessa Graham,79,3,29697.25,5,3,3,533,11
112,David Herrera,77,3,33764.87,5,3,3,533,11
487,Steven Campbell,76,3,29308.75,5,3,3,533,11
599,Kelsey Dean,75,3,26103.64,5,3,3,533,11
503,Stephanie Bond,60,3,31578.78,5,3,3,533,11
568,William Reid,51,2,40455.32,5,2,4,524,11
214,George Meza,44,3,30263.16,5,3,3,533,11
491,Michael Franco,35,3,29356.04,5,3,3,533,11
431,John Wilson,31,3,26563.2,5,3,3,533,11
76,Reginald Hernandez,30,3,28583.67,5,3,3,533,11
612,Lisa White,13,3,27065.67,5,3,3,533,11
693,Michael Robinson,0,3,28581.45,5,3,3,533,11
766,Melissa Martinez,0,3,30507.77,5,3,3,533,11
378,Christine Estrada,0,3,30782.44,5,3,3,533,11
242,John Davidson,0,3,33913.43,5,3,3,533,11
13,Leslie Adams,0,4,23619.96,5,4,2,542,11
247,Justin Gallegos,832,5,47819.11,1,5,4,154,10
462,Nancy May,701,3,58823.08,1,4,5,145,10
41,Breanna Shaw,661,4,41184.75,2,4,4,244,10
398,Curtis Miller,657,4,45092.56,2,4,4,244,10
230,Melissa Brandt,649,4,47269.77,2,4,4,244,10
728,Melissa Galvan,618,4,40043.14,2,4,4,244,10
418,Kelsey Chapman,610,4,43216.59,2,4,4,244,10
682,Elijah Knight,565,3,43057.44,2,4,4,244,10
55,Brandi Hernandez,564,3,41389.59,2,4,4,244,10
594,Wesley Torres,563,4,41595.97,2,4,4,244,10
492,Diane Sweeney,536,3,44841.45,2,4,4,244,10
101,Mitchell Hunterğ,515,3,45263.81,2,4,4,244,10
308,Diana Stanton,510,3,41697.76,2,4,4,244,10
406,Derek Flores,483,3,41408.8,2,4,4,244,10
7,Unknown Customer,481,4,44435.12,2,4,4,244,10
314,Steve Patel,481,4,45396.8,2,4,4,244,10
518,Joel Stewart,472,4,47647.6,2,4,4,244,10
16,William Davis,459,3,44855.42,2,4,4,244,10
456,Nancy Mcdowell,458,3,42065.66,2,4,4,244,10
613,Mary Vaughn,457,4,46255.26,2,4,4,244,10
770,Courtney Anderson,425,4,41754.94,2,4,4,244,10
686,Juan Serrano,424,4,45090.28,2,4,4,244,10
350,Allison Luna,382,2,55504.99,3,2,5,325,10
287,Brandon May,374,3,39248.29,3,3,4,334,10
615,Dale Pruitt,369,4,32604.59,3,4,3,343,10
729,Zachary Hall,368,3,36625.49,3,3,4,334,10
65,Jessica Edwards,363,3,36105.54,3,3,4,334,10
684,Dennis Quinn😀,358,3,37248.62,3,3,4,334,10
106,Nicholas Johnson,338,4,30914.99,3,4,3,343,10
186,Joseph Martinez,325,3,40218.81,3,3,4,334,10
354,Brittney Griffin,315,3,36924.28,3,3,4,334,10
727,Sonya Wilkins,302,3,38646.06,3,3,4,334,10
571,Erica Adams,302,4,34565.16,3,4,3,343,10
731,Richard Gonzalez,291,4,34143.31,3,4,3,343,10
144,Amanda Reed,252,4,27315.54,3,4,3,343,10
283,Fernando Donovan,249,4,32995.51,3,4,3,343,10
546,Steven Perez,238,4,31316.57,3,4,3,343,10
288,Christine Johnson,227,3,26046.81,4,3,3,433,10
202,Heather Johnson,226,3,25954.94,4,3,3,433,10
130,April Ramos,223,3,33894.33,4,3,3,433,10
409,James Osborn,223,4,19552.18,4,4,2,442,10
149,Alicia Bryant,222,2,37371.04,4,2,4,424,10
84,Heather Mccarthy,196,3,31329.68,4,3,3,433,10
225,Denise Morris,176,4,20576.86,4,4,2,442,10
516,Craig Sandoval,165,3,30444.23,4,3,3,433,10
67,Elizabeth Rivera,165,4,25236.34,4,4,2,442,10
380,Tiffany Smith,164,4,19223.99,4,4,2,442,10
170,Donald Levy,163,3,30596.71,4,3,3,433,10
35,Joshua Wright,163,3,31766.84,4,3,3,433,10
197,David Brown,160,3,30077.7,4,3,3,433,10
657,Jeffrey White,149,3,32939.92,4,3,3,433,10
650,Julia Harris,149,3,33217.74,4,3,3,433,10
129,Brenda Smith,147,3,32587.61,4,3,3,433,10
583,Stacey Lam,144,3,26764.92,4,3,3,433,10
697,Rachel Miller,137,3,34277.06,4,3,3,433,10
699,Adam Macias,132,3,27991.53,4,3,3,433,10
382,Lisa Adams,127,3,31129.39,4,3,3,433,10
6,Michael Cooper,125,4,25552.41,4,4,2,442,10
634,Mary Chapman,97,2,42523.57,4,2,4,424,10
171,Angela Davis,94,3,18527.35,5,3,2,532,10
166,Debbie Parker,93,3,24815.66,5,3,2,532,10
550,Raven Klein,82,3,19795.36,5,3,2,532,10
589,Shannon Clark,65,3,19574.61,5,3,2,532,10
505,Nathan Mccoy,57,3,18904.76,5,3,2,532,10
390,Francisco Allen,26,3,25220.9,5,3,2,532,10
476,Stephanie Allen,3,2,30176.88,5,2,3,523,10
586,David Becker,0,2,27536.37,5,2,3,523,10
739,Amanda Haynes,0,3,20104.19,5,3,2,532,10
147,Laura Pearson,0,3,24467.12,5,3,2,532,10
126,Charles Martin,1225,3,47343.01,1,4,4,144,9
469,Victor Wheeler,1188,3,47666.19,1,4,4,144,9
258,Bradley Gonzalez,1059,3,41343.55,1,4,4,144,9
123,Hannah Harrison,837,3,44061.93,1,4,4,144,9
624,Christian Wallace,818,3,41233.73,1,4,4,144,9
515,Unknown Customer,723,4,39408.64,1,4,4,144,9
332,Penny Wilcoxñ,723,4,43279.59,1,4,4,144,9
661,Manuel Moon,683,4,36625.81,1,4,4,144,9
131,Lisa Costa,652,3,39096.74,2,3,4,234,9
349,Nancy Anderson,649,3,40119.12,2,3,4,234,9
228,Paul Schroeder,596,5,22676.26,2,5,2,252,9
544,Kristen Ruiz,565,4,27538.96,2,4,3,243,9
440,Amy Fritz,562,4,29661.83,2,4,3,243,9
379,Adam Arnold,547,4,33211.69,2,4,3,243,9
508,Gary Berry,546,3,39750.04,2,3,4,234,9
782,Unknown Customer,530,3,37583.72,2,3,4,234,9
316,Janet Vaughn,528,3,39818.32,2,3,4,234,9
395,Donna Miller,509,4,34822.52,2,4,3,243,9
98,Larry Lane,484,3,37507.17,2,3,4,234,9
415,Elizabeth Jackson,452,2,52877.49,2,2,5,225,9
554,Mark Hill,421,3,31474.13,3,3,3,333,9
400,Michelle Smith,418,3,31240.45,3,3,3,333,9
798,Andrew Gray,414,2,39990.22,3,2,4,324,9
28,Caleb Smith,392,3,29822.81,3,3,3,333,9
641,James Weber,384,3,27338.45,3,3,3,333,9
152,Jennifer Malone,379,3,30964.92,3,3,3,333,9
704,Gabriel Nielsen,368,3,30296.93,3,3,3,333,9
719,Joshua Becker,324,2,35585.09,3,2,4,324,9
737,Michelle Olson,308,4,15785.39,3,4,2,342,9
560,Hannah Williams,307,3,31166.66,3,3,3,333,9
593,Jessica Perez,303,4,23218.21,3,4,2,342,9
47,Michael Jones,301,3,33028.76,3,3,3,333,9
788,Theresa Espinoza,300,3,31466.32,3,3,3,333,9
449,Nicole Davis,292,3,31588.96,3,3,3,333,9
167,Christopher Phillips,278,4,19871.5,3,4,2,342,9
556,Katherine Ayers,273,3,27214.18,3,3,3,333,9
419,Dan Perry,272,3,32728.23,3,3,3,333,9
542,Christopher Colon,250,3,32937.84,3,3,3,333,9
19,Nicole Potter,243,3,34437.87,3,3,3,333,9
40,Jeff Brown,218,3,15235.83,4,3,2,432,9
172,Miguel Curry,204,3,16440.94,4,3,2,432,9
138,Alexander Russell,202,2,33936.65,4,2,3,423,9
279,Unknown Customer,200,3,25506.01,4,3,2,432,9
54,Charles Ware,196,2,26394.13,4,2,3,423,9
52,Cynthia Calderon,195,4,9316.35,4,4,1,441,9
206,Karen Williams,185,3,20285.16,4,3,2,432,9
755,Robert Taylor,162,2,30064.16,4,2,3,423,9
113,Joshua Lawrence,136,3,24714.44,4,3,2,432,9
680,Mark Anderson,134,2,26295.89,4,2,3,423,9
533,Samuel Barnes,124,2,33977.49,4,2,3,423,9
482,Emily Wilson,114,2,32985.92,4,2,3,423,9
14,Nicole Day™,92,2,23052.61,5,2,2,522,9
359,Tyler Compton,82,2,19773.25,5,2,2,522,9
611,Unknown Customer,80,3,12378.61,5,3,1,531,9
317,Keith Berry,62,2,21004.91,5,2,2,522,9
535,Debra Mcdaniel,53,1,28210.99,5,1,3,513,9
105,Joshua Hayes,45,2,23467.57,5,2,2,522,9
175,Brandon Johnson,36,2,23124.23,5,2,2,522,9
125,Ronald Stephens,32,2,20807.31,5,2,2,522,9
270,Nathan Hines,31,2,15281.77,5,2,2,522,9
182,David Cunningham,23,2,24294.64,5,2,2,522,9
524,Michelle Yu,19,2,20449.39,5,2,2,522,9
608,Jonathan Hall,11,2,23719.22,5,2,2,522,9
151,Melissa Phelps,2,2,18163.65,5,2,2,522,9
473,Jennifer Wang,0,2,15598.09,5,2,2,522,9
617,Paige Alexander,0,3,15017.04,5,3,1,531,9
642,William Benson,1044,3,39446.03,1,3,4,134,8
576,Justin Cohen,1003,2,51960.91,1,2,5,125,8
423,Zachary Arnold,972,3,38615.52,1,3,4,134,8
627,Diamond Bryant,928,3,35578.9,1,3,4,134,8
669,Shannon Sullivan,677,4,34234.15,1,4,3,143,8
783,Edwin Booker,629,2,43186.97,2,2,4,224,8
791,David Olson,624,2,41304.61,2,2,4,224,8
416,Deborah Rasmussen,612,3,26627.8,2,3,3,233,8
502,Randy Williams,609,2,39709.08,2,2,4,224,8
42,Melissa Jones,586,3,33862.83,2,3,3,233,8
678,Melissa York,583,3,34387.11,2,3,3,233,8
46,Anna Garcia,559,2,42954.2,2,2,4,224,8
60,Joseph Cobb,558,3,26588.96,2,3,3,233,8
426,Jason Ramirez,543,3,26970.45,2,3,3,233,8
91,Elizabeth Miller,532,3,26635.93,2,3,3,233,8
215,Ryan Morales,514,3,31613.28,2,3,3,233,8
555,Alexandra Barnes,511,3,32323.7,2,3,3,233,8
68,Kyle Ortiz,506,3,27788.87,2,3,3,233,8
352,Steven Moore,493,3,34207.39,2,3,3,233,8
475,Amanda Myers,492,3,32552.05,2,3,3,233,8
313,Ann Bolton,485,3,33447.79,2,3,3,233,8
93,Karen Decker,479,3,27923.38,2,3,3,233,8
255,John Sandoval,478,3,27690.1,2,3,3,233,8
43,Ashley Riley,478,3,32495.15,2,3,3,233,8
490,Laura Hernandez,472,4,25442.16,2,4,2,242,8
362,Anna Faulkner,465,2,46825.25,2,2,4,224,8
224,Steven Spencer,463,3,29260.56,2,3,3,233,8
402,Joseph Adams,457,3,26479.95,2,3,3,233,8
358,Angela Vargas,455,3,33948.61,2,3,3,233,8
226,Lisa Monroe,454,3,34608.29,2,3,3,233,8
797,Tina Kramer,439,3,27619.09,2,3,3,233,8
305,Brittney Romero,437,3,27862.56,2,3,3,233,8
161,Daniel James,431,3,30783.61,2,3,3,233,8
411,Robert Porter,427,3,34254.95,2,3,3,233,8
592,Stephanie Mcclain,411,3,18282.9,3,3,2,332,8
619,Matthew Mills,396,3,25911.18,3,3,2,332,8
372,Brandy Cortez,391,3,25437.64,3,3,2,332,8
254,Cynthia Zavala,389,3,24760.41,3,3,2,332,8
384,Clayton Gray,383,2,31960.5,3,2,3,323,8
344,Steven Roman,375,2,29663.88,3,2,3,323,8
351,Steven Ball,361,3,23638.36,3,3,2,332,8
478,Jacqueline Martin,353,3,23577.12,3,3,2,332,8
635,Stephanie Taylor,326,2,33630.19,3,2,3,323,8
63,Darlene Ross,320,3,21959.31,3,3,2,332,8
796,Michael Moore,314,2,26807.93,3,2,3,323,8
536,Kenneth Flores,307,3,16771.32,3,3,2,332,8
614,Garrett Anderson,304,3,15534.91,3,3,2,332,8
49,Sarah Garciağ,296,3,19988.36,3,3,2,332,8
606,Jimmy Smith,284,2,28235.26,3,2,3,323,8
417,Jonathan Dixon,279,2,27759.97,3,2,3,323,8
211,Jerry Hansen,273,2,27675.21,3,2,3,323,8
33,Emily Joyce,268,3,19782.81,3,3,2,332,8
747,Sheila Johnson,268,3,24857.09,3,3,2,332,8
56,Laura Valencia,262,3,20678.39,3,3,2,332,8
39,Kristen Mitchell,253,2,32876.82,3,2,3,323,8
329,Troy Mays,251,3,25799.29,3,3,2,332,8
573,Unknown Customer,234,3,10309.14,4,3,1,431,8
743,Christine Moore,226,2,23600.52,4,2,2,422,8
339,Elizabeth Robinson,204,3,14518.48,4,3,1,431,8
204,Cynthia Johnson,200,2,19823.38,4,2,2,422,8
509,Felicia Thompson,195,2,17449.65,4,2,2,422,8
559,Charlotte Steele,186,2,16165.32,4,2,2,422,8
299,Brandon Williams,186,3,11085.11,4,3,1,431,8
778,Nicole Kim,184,2,24165.26,4,2,2,422,8
124,Michele Jones,175,2,21782.54,4,2,2,422,8
558,Todd Lynch,156,2,22064.27,4,2,2,422,8
239,Amanda Collins,146,2,21684.97,4,2,2,422,8
315,Todd Bernard,134,1,32791.92,4,1,3,413,8
775,Alex Mills,128,2,15672.65,4,2,2,422,8
115,Angela Terry,121,2,20523.82,4,2,2,422,8
159,Erica Moore,120,2,17442.3,4,2,2,422,8
422,Andrew Cooper,120,3,14688.89,4,3,1,431,8
445,Unknown Customer,112,2,21930.17,4,2,2,422,8
24,Stacey Miller,109,2,23005.2,4,2,2,422,8
337,Christina Robinson,102,2,20298.93,4,2,2,422,8
196,Christopher Miller,79,2,14802.91,5,2,1,521,8
122,Christopher Allen,77,2,14251.04,5,2,1,521,8
335,Jose Ward,10,2,14948.78,5,2,1,521,8
628,Martin Saunders,0,1,15459.38,5,1,2,512,8
714,Kayla Bell,1119,2,38972.28,1,2,4,124,7
685,Kim Tucker,1089,4,18843.89,1,4,2,142,7
463,Chelsey Martin,1019,3,31494.62,1,3,3,133,7
549,Michelle Wells,917,2,49106.02,1,2,4,124,7
278,Angela Wood,817,3,31306.56,1,3,3,133,7
233,Debbie Henderson,809,3,27368.0,1,3,3,133,7
143,Mary Carpenter,749,2,36809.41,1,2,4,124,7
506,Lisa Johnson,744,2,47013.98,1,2,4,124,7
367,David Key,732,2,36506.47,1,2,4,124,7
72,Susan Fitzgerald,717,3,31615.29,1,3,3,133,7
794,Kristen Alvarez,702,2,35024.17,1,2,4,124,7
75,Charles Perry,683,3,31968.29,1,3,3,133,7
633,James Morgan,677,4,25009.59,1,4,2,142,7
601,Johnny Miles,676,2,44147.76,1,2,4,124,7
595,Jessica Carlson,606,2,34475.97,2,2,3,223,7
655,Bill Mcfarland,587,2,29271.24,2,2,3,223,7
341,James Herrera,578,2,30359.45,2,2,3,223,7
272,Unknown Customer,522,3,18227.82,2,3,2,232,7
391,Martin Campos,510,3,17297.49,2,3,2,232,7
442,Kimberly Youngω,508,3,15748.46,2,3,2,232,7
444,Amanda Carlson,496,2,30153.95,2,2,3,223,7
708,Gary Jennings,496,2,33124.46,2,2,3,223,7
666,Amanda Park,477,2,32579.05,2,2,3,223,7
602,Elaine Nelson,468,3,20660.13,2,3,2,232,7
302,Sheila Fischer,439,2,27102.06,2,2,3,223,7
70,Amy Smith,432,2,34849.91,2,2,3,223,7
276,Kevin Moore,417,2,25461.21,3,2,2,322,7
662,Unknown Customer,396,2,23701.62,3,2,2,322,7
89,Todd Price,374,2,17530.03,3,2,2,322,7
460,Unknown Customer,370,2,16300.37,3,2,2,322,7
543,Jamie Little,365,2,19639.25,3,2,2,322,7
369,Kyle Ward,327,2,22885.72,3,2,2,322,7
585,Steven Wilson,324,2,18066.52,3,2,2,322,7
10,Mitchell Clark,293,2,19390.92,3,2,2,322,7
324,Unknown Customer,288,2,22900.15,3,2,2,322,7
307,Laura Swanson,274,2,18848.77,3,2,2,322,7
692,Erik Knight,270,2,23219.93,3,2,2,322,7
82,Kimberly Washington,237,2,14616.07,4,2,1,421,7
700,Juan Hernandez,187,1,22450.05,4,1,2,412,7
785,Jeff Fisher,186,1,15961.52,4,1,2,412,7
742,Jill Salas,145,2,14501.91,4,2,1,421,7
319,Jennifer Reed,85,1,10446.62,5,1,1,511,7
194,Robert Wilcox,78,1,664.2,5,1,1,511,7
154,Cynthia Brennan,68,1,261.8,5,1,1,511,7
327,Tyler Zuniga,45,1,9940.7,5,1,1,511,7
724,Adam Davis,35,2,9802.04,5,1,1,511,7
510,Edgar Mendez,24,2,5573.92,5,1,1,511,7
357,Kevin Thomas,15,2,12641.33,5,1,1,511,7
459,Sean Smith,7,2,9003.32,5,1,1,511,7
649,Paul Frye,5,2,3344.05,5,1,1,511,7
403,Kevin Patton,4,1,625.14,5,1,1,511,7
244,Dylan Kim,0,1,9782.64,5,1,1,511,7
767,Garrett Garcia,0,2,4981.03,5,1,1,511,7
386,Ariel Hodge,1268,2,30755.06,1,2,3,123,6
275,Valerie Contreras,1207,2,29769.89,1,2,3,123,6
452,Mallory Simpson,1188,2,30914.65,1,2,3,123,6
732,Jessica Hansen,1176,2,33204.04,1,2,3,123,6
183,Jesse Schroeder,1072,2,33221.12,1,2,3,123,6
179,Cory Jennings,1028,2,29717.36,1,2,3,123,6
605,Ethan Kelley,975,3,17706.96,1,3,2,132,6
763,Richard Meadows,924,3,17278.28,1,3,2,132,6
274,Shannon Roach,903,3,20324.76,1,3,2,132,6
530,Julie Young,874,2,32637.69,1,2,3,123,6
429,Brenda Bailey,871,2,29766.81,1,2,3,123,6
139,Marilyn Jimenez,802,3,24438.76,1,3,2,132,6
677,Eugene Walker,795,3,19771.02,1,3,2,132,6
29,Jean Brown,790,2,31781.51,1,2,3,123,6
574,Stephen Robinson,737,3,22727.95,1,3,2,132,6
495,Dana Foster,687,2,29661.3,1,2,3,123,6
64,Gregory Estes,683,2,26032.6,1,2,3,123,6
134,Tara Powell,677,3,22081.96,1,3,2,132,6
497,Mark Chavez,664,1,27558.56,2,1,3,213,6
250,David Allen,647,2,16120.57,2,2,2,222,6
146,Robert Flores,636,2,17455.09,2,2,2,222,6
762,Crystal Thomas,634,2,18416.92,2,2,2,222,6
293,Brent Dougherty,633,2,25670.71,2,2,2,222,6
103,Gregory Boyd,629,2,17575.11,2,2,2,222,6
216,Matthew Cook,623,2,19160.0,2,2,2,222,6
118,Crystal Brown,622,2,19710.95,2,2,2,222,6
298,Melanie Jordan,621,2,20936.21,2,2,2,222,6
127,Holly Bender,606,2,19038.71,2,2,2,222,6
269,Patrick Bradley,600,2,22183.12,2,2,2,222,6
745,Leslie Villanueva,563,3,13450.5,2,3,1,231,6
323,Sarah Russell,562,2,24848.09,2,2,2,222,6
229,Cameron Davis,557,2,17126.1,2,2,2,222,6
306,Thomas Smith,508,2,21320.86,2,2,2,222,6
348,Shane Starkñ,496,2,16912.98,2,2,2,222,6
286,Rachel Morgan,493,2,17303.5,2,2,2,222,6
721,Becky Schroeder,468,1,27057.71,2,1,3,213,6
706,Catherine Ruiz,459,2,24389.42,2,2,2,222,6
787,Charles Harrison,456,2,25350.89,2,2,2,222,6
137,Anthony Mccoy,425,2,25584.6,2,2,2,222,6
672,Patrick Short,423,3,9709.49,2,3,1,231,6
301,Unknown Customer,388,1,17511.8,3,1,2,312,6
388,Juan Daniels,386,2,15144.97,3,2,1,321,6
18,Allison Maddox,371,2,13279.05,3,2,1,321,6
263,Ryan Carney,330,1,17675.89,3,1,2,312,6
364,Joseph Nunez,241,1,20243.86,3,1,2,312,6
110,Elizabeth Wood,235,2,7098.02,4,1,1,411,6
79,Elizabeth Travis,233,2,10281.48,4,1,1,411,6
184,Vanessa Fernandez,223,1,5710.56,4,1,1,411,6
346,Unknown Customer,211,2,8771.37,4,1,1,411,6
223,Marie Jones,185,2,10208.38,4,1,1,411,6
715,Katie Kent,183,1,6954.78,4,1,1,411,6
687,Charles Jones,177,1,9961.1,4,1,1,411,6
44,Alexandra Donovan,165,2,12208.46,4,1,1,411,6
370,Tina Harrison,163,2,12685.23,4,1,1,411,6
340,Michael Stark,159,1,14773.8,4,1,1,411,6
62,Andrew Lee,156,1,448.64,4,1,1,411,6
511,Nicole Mendoza,156,2,13018.48,4,1,1,411,6
155,Brandon Flynn,138,1,12666.12,4,1,1,411,6
9,Melissa Delacruz,124,2,3634.46,4,1,1,411,6
309,George Fuller,105,1,13812.06,4,1,1,411,6
768,Kelli Warren,1379,1,27892.17,1,1,3,113,5
572,Evelyn Wells,1306,2,20190.84,1,2,2,122,5
45,Emily Evans,1291,2,25295.89,1,2,2,122,5
21,Unknown Customer,1252,2,19266.91,1,2,2,122,5
587,Victoria Cooper,1251,2,22350.05,1,2,2,122,5
784,David Gonzales,1245,2,21143.67,1,2,2,122,5
771,Michelle Nguyen,1239,2,16196.76,1,2,2,122,5
334,Sean Adams,1172,2,25676.22,1,2,2,122,5
94,Brett Crane,1149,2,22028.55,1,2,2,122,5
90,Samantha Hooper,1133,2,22299.35,1,2,2,122,5
73,Christine Davis,1098,2,20724.6,1,2,2,122,5
173,Daniel Hall,1064,2,24696.25,1,2,2,122,5
736,Timothy Sanchez,1025,2,24933.88,1,2,2,122,5
757,Lisa Woods,1010,2,17594.9,1,2,2,122,5
408,John Bennett,995,2,23577.18,1,2,2,122,5
540,Sara Fernandez,987,2,22350.84,1,2,2,122,5
187,Kimberly Palmer,974,2,21513.44,1,2,2,122,5
741,Patricia Adams,797,2,23288.46,1,2,2,122,5
753,Gina Olsen,773,2,15744.32,1,2,2,122,5
343,Brian Anderson,742,3,5454.72,1,3,1,131,5
22,Amber Osborne,703,2,23776.32,1,2,2,122,5
632,James Martinez,682,1,27483.95,1,1,3,113,5
61,Jeffrey Velasquez,659,2,14030.06,2,2,1,221,5
639,Tara Chavez,655,2,13237.45,2,2,1,221,5
464,Robert Parks,645,1,21749.83,2,1,2,212,5
87,Kenneth Price,642,1,24524.72,2,1,2,212,5
578,Rachel Trujillo,635,1,21823.42,2,1,2,212,5
180,Tammy Rush™,567,2,13577.48,2,2,1,221,5
720,Timothy Wood,541,2,14418.13,2,2,1,221,5
730,Theresa Miller,507,1,19497.03,2,1,2,212,5
786,Heidi Johnson,469,1,23819.68,2,1,2,212,5
133,Lisa Pierce,446,1,22773.46,2,1,2,212,5
652,Kelly Thompson,435,2,15066.47,2,2,1,221,5
257,Crystal Cain,400,2,8953.65,3,1,1,311,5
58,Eric Spears,398,1,5358.36,3,1,1,311,5
486,Emily Williams,388,1,8210.12,3,1,1,311,5
71,Diana Marshall,385,1,105.86,3,1,1,311,5
407,Raymond Flores,385,1,1054.32,3,1,1,311,5
17,Erin Carlson,348,2,11170.33,3,1,1,311,5
188,Bradley Logan,329,1,3305.7,3,1,1,311,5
638,Tiffany Moon,320,1,9610.88,3,1,1,311,5
26,Rodney Lewis,299,1,7404.6,3,1,1,311,5
326,Nicole Thompson,291,2,9928.68,3,1,1,311,5
479,Unknown Customer,282,1,8570.53,3,1,1,311,5
695,Bill Wong😀,273,1,335.92,3,1,1,311,5
670,Adam Cortez,257,1,6499.31,3,1,1,311,5
387,Heather Knight,255,1,4621.15,3,1,1,311,5
201,Lindsay Bruce,237,1,2194.0,3,1,1,311,5
616,Kimberly Carr,1430,1,16854.96,1,1,2,112,4
527,Nicholas Gross,1274,1,17070.11,1,1,2,112,4
428,Michelle Rose,1238,1,19729.65,1,1,2,112,4
643,Brandi Bender,1123,1,20509.29,1,1,2,112,4
107,Lauren Peterson,1030,1,16663.62,1,1,2,112,4
300,Paul Cole,832,2,14340.2,1,2,1,121,4
111,Michael Chavez,782,2,14241.66,1,2,1,121,4
322,Robert Love,727,1,17745.19,1,1,2,112,4
97,Miguel Obrien,671,1,10787.25,2,1,1,211,4
273,Justin Hendricks,650,1,12446.93,2,1,1,211,4
504,Laura Martinez,636,2,6924.66,2,1,1,211,4
563,Joseph Butler,631,1,2126.27,2,1,1,211,4
53,Tina Martin,604,2,7727.01,2,1,1,211,4
438,Stephen Newton,603,1,13305.51,2,1,1,211,4
471,Gerald Ruiz,594,2,7107.37,2,1,1,211,4
83,Joseph Flores,594,2,11594.99,2,1,1,211,4
136,Brett Adams,540,1,9495.36,2,1,1,211,4
722,Julie Griffin,539,2,9267.8,2,1,1,211,4
676,Amy Miller,536,1,11941.37,2,1,1,211,4
109,Travis Mcguire,526,2,12639.61,2,1,1,211,4
717,Adrian Pena,525,1,4083.33,2,1,1,211,4
212,Andrew Morse,521,1,12964.66,2,1,1,211,4
114,Jeremy White,520,2,12981.19,2,1,1,211,4
231,Donald Bailey,505,2,8885.73,2,1,1,211,4
414,Tanya Miles,483,2,11221.57,2,1,1,211,4
190,Charles Miller,470,2,9208.12,2,1,1,211,4
618,Katrina Ray,448,2,11770.86,2,1,1,211,4
523,Marcus Johnson,445,1,4774.39,2,1,1,211,4
437,Kathleen Carter,423,1,13679.29,2,1,1,211,4
80,Lisa Mcclain,1431,1,14268.0,1,1,1,111,3
696,Amy Thompson,1415,1,12573.96,1,1,1,111,3
566,Ashley Thompson,1407,1,3857.23,1,1,1,111,3
219,Gregory Mejia,1393,1,9853.85,1,1,1,111,3
235,Chris Richard,1332,1,13641.41,1,1,1,111,3
355,Scott Fernandez,1331,1,11134.74,1,1,1,111,3
738,Jeffrey Haynes,1324,1,3209.18,1,1,1,111,3
321,John Williams,1319,1,2927.9,1,1,1,111,3
748,Gregory Bray,1308,1,11392.37,1,1,1,111,3
790,Unknown Customer,1285,1,14468.64,1,1,1,111,3
470,David Valenciañ,1281,1,4306.08,1,1,1,111,3
342,Erin Love,1270,1,14587.29,1,1,1,111,3
266,Danielle Moody,1247,1,13046.53,1,1,1,111,3
557,Justin Nichols,1244,1,14486.23,1,1,1,111,3
507,David Stein,1223,1,14026.95,1,1,1,111,3
575,William Bates,1218,1,1209.33,1,1,1,111,3
150,Eric Harrison,1203,1,587.97,1,1,1,111,3
100,Melissa Burke,1196,1,4046.0,1,1,1,111,3
780,Kathy Kent,1194,1,5681.16,1,1,1,111,3
472,Jose Williams,1162,2,6531.2,1,1,1,111,3
338,Vanessa Brooks,1155,1,2646.06,1,1,1,111,3
764,Denise Page,1147,1,5168.94,1,1,1,111,3
262,Tyler Jimenez,1146,1,345.26,1,1,1,111,3
281,Erin Cooper,1145,1,11040.33,1,1,1,111,3
290,Scott Washington,1103,2,2160.03,1,1,1,111,3
363,Mark Miller,1094,1,9678.04,1,1,1,111,3
640,Kaitlyn Evansñ,1063,1,755.76,1,1,1,111,3
609,Morgan Phelps,1037,1,7976.11,1,1,1,111,3
756,Anna Bradley,1031,1,2537.1,1,1,1,111,3
623,Tara Williams,997,2,5779.12,1,1,1,111,3
108,Christopher Cortez,994,2,6598.02,1,1,1,111,3
295,Wendy Owens,991,1,6100.42,1,1,1,111,3
121,Brian Choi,990,1,6291.32,1,1,1,111,3
371,Robert Hart,989,2,4683.94,1,1,1,111,3
11,Jessica Martin,983,1,8951.17,1,1,1,111,3
538,Patricia Bush,982,1,7305.08,1,1,1,111,3
325,Audrey Nichols,976,1,3646.0,1,1,1,111,3
268,Kimberly Johnsonğ,969,2,12208.97,1,1,1,111,3
545,Unknown Customer,955,2,9776.39,1,1,1,111,3
165,John Campos,952,2,11611.11,1,1,1,111,3
489,Micheal Bonilla,926,2,7402.82,1,1,1,111,3
294,Lisa Peck,913,2,11608.79,1,1,1,111,3
420,Michael Cooper,908,2,10071.07,1,1,1,111,3
59,Nicole Johnson,876,2,12441.11,1,1,1,111,3
277,David Harris,857,1,14191.39,1,1,1,111,3
291,Jessica Valencia,848,2,10238.99,1,1,1,111,3
434,Leonard Hayes™,845,2,4430.6,1,1,1,111,3
581,Gina Little,818,1,12232.58,1,1,1,111,3
800,Unknown Customer,810,1,7878.74,1,1,1,111,3
450,Stephanie Murphy,791,2,3944.42,1,1,1,111,3
177,Eric Perry,785,1,14559.04,1,1,1,111,3
5,Roberto Ramirez,776,1,13765.58,1,1,1,111,3
480,Alexandria Baker,771,1,4204.34,1,1,1,111,3
789,James Moss,767,1,9852.8,1,1,1,111,3
238,Erica Young,764,2,13173.55,1,1,1,111,3
514,Paul White,730,1,12277.78,1,1,1,111,3
467,Jamie Lawson,722,1,5133.78,1,1,1,111,3
754,Melissa Gonzalez,718,1,1104.0,1,1,1,111,3
457,Brett Garrett,694,1,11825.39,1,1,1,111,3
