customer_id,name,email,customer_type,region,city,joined_date,customer_name,registration_date
1,Danielle Johnson,jeffreydoyle@example.com,VIP,South America,Houston,2023-10-11,Danielle Johnson,2023-10-11
2,Erica Mcclain,fjohnson@example.com,PREMIUM,South America,New York,2022-12-23,Erica Mcclain,2022-12-23
3,Jeffery Wagner,jennifermiles@example.com,NEW,Middle East,New York,2022-09-20,Jeffery Wagner,2022-09-20
4,Robert Cole,blakeerik@example.com,PREMIUM,Europe,Sao Paulo,2023-10-16,Robert Cole,2023-10-16
5,Roberto Ramirez,curtis61@example.com,NEW,Middle East,Sao Paulo,2023-07-10,Roberto Ramirez,2023-07-10
6,Michael Cooper,blairamanda@example.com,VIP,Middle East,Unknown,2023-09-24,Michael Cooper,2023-09-24
7,Unknown Customer,maria95@example.com,VIP,Asia Pacific,Mumbai,2024-12-14,Unknown Customer,2024-12-14
8,Barbara Bush,kendragalloway@example.com,REGULAR,Middle East,Berlin,2022-10-20,Barbara Bush,2022-10-20
9,Melissa Delacruz,shawn52@example.com,PREMIUM,Africa,Los Angeles,2024-03-22,Melissa Delacruz,2024-03-22
10,Mitchell Clark,lynchgeorge@example.com,PREMIUM,Middle East,Toronto,2023-09-28,Mitchell Clark,2023-09-28
11,Jessica Martin,veronica83@example.com,PREMIUM,Europe,Tokyo,2024-03-21,Jessica Martin,2024-03-21
12,Gabrielle Cameron,perezantonio@example.com,PREMIUM,Middle East,Los Angeles,2025-11-27,Gabrielle Cameron,2025-11-27
13,Leslie Adams,jason76@example.com,REGULAR,Asia Pacific,Dubai,2023-07-03,Leslie Adams,2023-07-03
14,Nicole Day™,donald88@example.com,VIP,Africa,Sydney,2023-03-19,Nicole Day™,2023-03-19
15,Jose Richards,icox@example.com,VIP,Middle East,Houston,2026-06-04,Jose Richards,2026-06-04
16,William Davis,hernandezernest@example.com,PREMIUM,Europe,New York,2022-10-22,William Davis,2022-10-22
17,Erin Carlson,dcarlson@example.com,VIP,South America,Chicago,2024-03-29,Erin Carlson,2024-03-29
18,Allison Maddox,frazierdanny@example.com,PREMIUM,Africa,London,2026-04-08,Allison Maddox,2026-04-08
19,Nicole Potter,daniel62@example.com,PREMIUM,Africa,Mumbai,2025-11-15,Nicole Potter,2025-11-15
20,Shawn Mckay,teresa28@example.com,VIP,North America,Berlin,2026-05-01,Shawn Mckay,2026-05-01
21,Unknown Customer,ericfarmer@example.com,VIP,North America,Tokyo,2023-11-16,Unknown Customer,2023-11-16
22,Amber Osborne,georgetracy@example.com,NEW,South America,Cape Town,2024-11-10,Amber Osborne,2024-11-10
23,Daniel Cox,john39@example.com,NEW,Africa,Houston,2026-02-21,Daniel Cox,2026-02-21
24,Stacey Miller,spenceamanda@example.com,PREMIUM,South America,Phoenix,2024-09-02,Stacey Miller,2024-09-02
25,David Keller,josephbrennan@example.com,NEW,Middle East,New York,2024-12-11,David Keller,2024-12-11
26,Rodney Lewis,jenniferross@example.com,NEW,Asia Pacific,Sao Paulo,2024-11-24,Rodney Lewis,2024-11-24
27,Emily Brooks,omartinez@example.com,NEW,Europe,Singapore,2026-06-07,Emily Brooks,2026-06-07
28,Caleb Smith,briannasmith@example.com,REGULAR,Africa,Los Angeles,2024-12-17,Caleb Smith,2024-12-17
29,Jean Brown,heathchad@example.com,REGULAR,South America,Chicago,2022-11-22,Jean Brown,2022-11-22
31,Barbara Sanchez,glee@example.com,PREMIUM,Africa,Berlin,2024-08-13,Barbara Sanchez,2024-08-13
32,Donna Gomez,dshields@example.com,REGULAR,North America,Houston,2024-05-09,Donna Gomez,2024-05-09
33,Emily Joyce,powellmatthew@example.com,REGULAR,South America,London,2023-01-09,Emily Joyce,2023-01-09
34,Michelle Wright,ltaylor@example.com,REGULAR,Africa,Sydney,2023-06-01,Michelle Wright,2023-06-01
35,Joshua Wright,ramosmichelle@example.com,REGULAR,Africa,Tokyo,2026-07-14,Joshua Wright,2026-07-14
36,Andrea Williams,novaksara@example.com,VIP,Middle East,Los Angeles,2024-11-26,Andrea Williams,2024-11-26
37,Melinda Martinδ,zlewis@example.com,VIP,South America,Cape Town,2024-09-02,Melinda Martinδ,2024-09-02
39,Kristen Mitchell,smoore@example.com,REGULAR,Europe,Berlin,2025-07-27,Kristen Mitchell,2025-07-27
40,Jeff Brown,adkinsbrian@example.com,PREMIUM,South America,London,2025-09-25,Jeff Brown,2025-09-25
41,Breanna Shaw,brianromero@example.com,PREMIUM,Europe,Houston,2026-03-26,Breanna Shaw,2026-03-26
42,Melissa Jones,richarddavid@example.com,NEW,Europe,Berlin,2022-11-23,Melissa Jones,2022-11-23
43,Ashley Riley,barnesbrandy@example.com,REGULAR,Europe,Sao Paulo,2022-10-10,Ashley Riley,2022-10-10
44,Alexandra Donovan,john62@example.com,VIP,South America,Tokyo,2023-06-23,Alexandra Donovan,2023-06-23
45,Emily Evans,smithchristine@example.com,REGULAR,Asia Pacific,Paris,2023-12-14,Emily Evans,2023-12-14
46,Anna Garcia,williamanderson@example.com,PREMIUM,Europe,Toronto,2024-11-22,Anna Garcia,2024-11-22
47,Michael Jones,justin78@example.com,VIP,Africa,Sao Paulo,2023-08-24,Michael Jones,2023-08-24
48,Jade Carr,contrerasangela@example.com,NEW,Africa,London,2026-01-14,Jade Carr,2026-01-14
49,Sarah Garciağ,josephpreston@example.com,PREMIUM,Asia Pacific,Toronto,2026-05-05,Sarah Garciağ,2026-05-05
50,Julia Moore,jenniferharris@example.com,PREMIUM,Africa,Toronto,2023-10-21,Julia Moore,2023-10-21
51,Cynthia Baker,rebecca01@example.com,PREMIUM,Unknown,Singapore,2024-09-06,Cynthia Baker,2024-09-06
52,Cynthia Calderon,cookdavid@example.com,PREMIUM,Africa,Singapore,2022-10-17,Cynthia Calderon,2022-10-17
53,Tina Martin,hhoffman@example.com,REGULAR,Asia Pacific,Dubai,2024-06-26,Tina Martin,2024-06-26
54,Charles Ware,amydavenport@example.com,NEW,Africa,Toronto,2026-06-14,Charles Ware,2026-06-14
55,Brandi Hernandez,parkerrachel@example.com,NEW,Middle East,London,2023-02-23,Brandi Hernandez,2023-02-23
56,Laura Valencia,jason31@example.com,VIP,Middle East,Berlin,2026-06-06,Laura Valencia,2026-06-06
57,Michael Castro,vdickson@example.com,VIP,Middle East,Phoenix,2026-04-29,Michael Castro,2026-04-29
58,Eric Spears,theresacochran@example.com,NEW,Europe,Cape Town,2026-04-14,Eric Spears,2026-04-14
59,Nicole Johnson,kimberly63@example.com,REGULAR,Middle East,New York,2025-09-27,Nicole Johnson,2025-09-27
60,Joseph Cobb,ebrennan@example.com,NEW,Middle East,Berlin,2023-01-24,Joseph Cobb,2023-01-24
61,Jeffrey Velasquez,kevin33@example.com,NEW,Africa,Dubai,2024-07-25,Jeffrey Velasquez,2024-07-25
62,Andrew Lee,michelle45@example.com,REGULAR,North America,Phoenix,2024-01-01,Andrew Lee,2024-01-01
63,Darlene Ross,sheila14@example.com,NEW,Europe,Sao Paulo,2026-03-12,Darlene Ross,2026-03-12
64,Gregory Estes,rodriguezryan@example.com,NEW,North America,Los Angeles,2023-09-26,Gregory Estes,2023-09-26
65,Jessica Edwards,cruzbarbara@example.com,REGULAR,North America,Paris,2025-03-08,Jessica Edwards,2025-03-08
66,Jonathan Fletcher,michaeljones@example.com,REGULAR,Middle East,Dubai,2022-08-12,Jonathan Fletcher,2022-08-12
67,Elizabeth Rivera,cortezkevin@example.com,REGULAR,South America,Houston,2023-12-10,Elizabeth Rivera,2023-12-10
68,Kyle Ortiz,angela36@example.com,NEW,Asia Pacific,Paris,2024-04-26,Kyle Ortiz,2024-04-26
69,Elizabeth Gray,christinaturner@example.com,VIP,Africa,Houston,2025-10-15,Elizabeth Gray,2025-10-15
70,Amy Smith,russellcarpenter@example.com,REGULAR,Middle East,New York,2023-10-29,Amy Smith,2023-10-29
71,Diana Marshall,williamleon@example.com,NEW,Africa,London,2024-06-26,Diana Marshall,2024-06-26
72,Susan Fitzgerald,campbellelizabeth@example.com,NEW,Asia Pacific,Tokyo,2025-05-29,Susan Fitzgerald,2025-05-29
73,Christine Davis,emilywalker@example.com,NEW,South America,Sao Paulo,2025-10-19,Christine Davis,2025-10-19
74,James Johnson,xcarr@example.com,VIP,Europe,Tokyo,2023-08-25,James Johnson,2023-08-25
75,Charles Perry,jennifercruz@example.com,NEW,Asia Pacific,Berlin,2025-04-14,Charles Perry,2025-04-14
76,Reginald Hernandez,staffordmichelle@example.com,REGULAR,Europe,Berlin,2025-07-13,Reginald Hernandez,2025-07-13
77,Nicole Osborne,lindadominguez@example.com,NEW,Africa,Mumbai,2023-07-15,Nicole Osborne,2023-07-15
78,Steven Grant,bryantlaurie@example.com,PREMIUM,Europe,London,2026-07-05,Steven Grant,2026-07-05
79,Elizabeth Travis,stephanie79@example.com,VIP,North America,Sydney,2025-02-20,Elizabeth Travis,2025-02-20
80,Lisa Mcclain,vmerritt@example.com,REGULAR,Middle East,Phoenix,2024-06-02,Lisa Mcclain,2024-06-02
81,Michelle Coleğ,maryramirez@example.com,NEW,Asia Pacific,London,2025-10-20,Michelle Coleğ,2025-10-20
82,Kimberly Washington,scott43@example.com,REGULAR,Asia Pacific,Los Angeles,2023-08-16,Kimberly Washington,2023-08-16
83,Joseph Flores,taylorjesse@example.com,PREMIUM,North America,Cape Town,2024-11-26,Joseph Flores,2024-11-26
84,Heather Mccarthy,irussell@example.com,NEW,Asia Pacific,Cape Town,2022-11-17,Heather Mccarthy,2022-11-17
85,Steven Brown,xprice@example.com,PREMIUM,Africa,Chicago,2026-02-23,Steven Brown,2026-02-23
86,Unknown Customer,wwoods@example.com,NEW,Unknown,Sydney,2026-04-01,Unknown Customer,2026-04-01
87,Kenneth Price,vmedina@example.com,PREMIUM,Asia Pacific,Berlin,2026-05-26,Kenneth Price,2026-05-26
88,Amy Morrison,brobinson@example.com,PREMIUM,Europe,Sydney,2023-07-18,Amy Morrison,2023-07-18
89,Todd Price,dramsey@example.com,VIP,Middle East,Dubai,2025-06-14,Todd Price,2025-06-14
90,Samantha Hooper,meadowsbrittany@example.com,VIP,North America,New York,2024-11-16,Samantha Hooper,2024-11-16
91,Elizabeth Miller,michellewhite@example.com,PREMIUM,Asia Pacific,Dubai,2024-06-05,Elizabeth Miller,2024-06-05
92,Jorge Murphy,matthew64@example.com,NEW,North America,Cape Town,2024-07-16,Jorge Murphy,2024-07-16
93,Karen Decker,ruizkaitlyn@example.com,NEW,Europe,Sao Paulo,2023-09-05,Karen Decker,2023-09-05
94,Brett Crane,harringtondenise@example.com,VIP,North America,Sao Paulo,2023-07-24,Brett Crane,2023-07-24
95,Karen Herring,howelljohn@example.com,REGULAR,South America,Singapore,2023-06-15,Karen Herring,2023-06-15
96,Thomas Wilson,xlyons@example.com,VIP,Asia Pacific,Singapore,2023-07-14,Thomas Wilson,2023-07-14
97,Miguel Obrien,stricklandfrank@example.com,PREMIUM,Europe,Cape Town,2025-10-14,Miguel Obrien,2025-10-14
98,Larry Lane,barbara66@example.com,REGULAR,Africa,Singapore,2026-07-22,Larry Lane,2026-07-22
99,Shelly Gonzalez,curtisbarton@example.com,NEW,Asia Pacific,Phoenix,2025-02-14,Shelly Gonzalez,2025-02-14
100,Melissa Burke,reedross@example.com,REGULAR,Europe,Cape Town,2023-02-14,Melissa Burke,2023-02-14
101,Mitchell Hunterğ,atkinsonlynn@example.com,NEW,South America,Singapore,2024-01-22,Mitchell Hunterğ,2024-01-22
102,Daniel Yu,bzimmerman@example.com,VIP,South America,Berlin,2025-04-23,Daniel Yu,2025-04-23
103,Gregory Boyd,christina87@example.com,NEW,Africa,Sao Paulo,2025-05-16,Gregory Boyd,2025-05-16
104,Steven Petersen,marcus31@example.com,NEW,North America,Toronto,2025-02-15,Steven Petersen,2025-02-15
105,Joshua Hayes,qhudson@example.com,NEW,North America,Cape Town,2025-10-18,Joshua Hayes,2025-10-18
106,Nicholas Johnson,hunter35@example.com,NEW,Africa,Toronto,2026-03-23,Nicholas Johnson,2026-03-23
107,Lauren Peterson,angela83@example.com,NEW,Unknown,Sydney,2026-05-08,Lauren Peterson,2026-05-08
108,Christopher Cortez,hannahbrewer@example.com,REGULAR,Asia Pacific,Sydney,2024-09-06,Christopher Cortez,2024-09-06
109,Travis Mcguire,jeffrey34@example.com,VIP,Asia Pacific,Cape Town,2023-01-01,Travis Mcguire,2023-01-01
110,Elizabeth Wood,ronald85@example.com,NEW,Middle East,Singapore,2024-12-16,Elizabeth Wood,2024-12-16
111,Michael Chavez,jerry35@example.com,VIP,Africa,Sydney,2023-11-29,Michael Chavez,2023-11-29
112,David Herrera,jamesrodgers@example.com,VIP,Africa,Tokyo,2025-11-06,David Herrera,2025-11-06
113,Joshua Lawrence,tina34@example.com,REGULAR,South America,Mumbai,2025-11-02,Joshua Lawrence,2025-11-02
114,Jeremy White,joshuamccann@example.com,NEW,Europe,Los Angeles,2022-08-31,Jeremy White,2022-08-31
115,Angela Terry,agarcia@example.com,PREMIUM,Middle East,Berlin,2023-02-22,Angela Terry,2023-02-22
116,Audrey Harrison,jack04@example.com,PREMIUM,Africa,Los Angeles,2024-06-24,Audrey Harrison,2024-06-24
117,Shelley Woods,moralescharles@example.com,REGULAR,Europe,Cape Town,2026-02-07,Shelley Woods,2026-02-07
118,Crystal Brown,christopher31@example.com,VIP,South America,Singapore,2023-03-29,Crystal Brown,2023-03-29
119,Angela Butler,kimberlyjames@example.com,NEW,North America,Berlin,2025-02-21,Angela Butler,2025-02-21
120,Rebekah Evans,ntorres@example.com,VIP,North America,New York,2025-02-09,Rebekah Evans,2025-02-09
121,Brian Choi,colleenbaker@example.com,VIP,Middle East,Mumbai,2023-01-11,Brian Choi,2023-01-11
122,Christopher Allen,moorericky@example.com,PREMIUM,Africa,Dubai,2024-12-14,Christopher Allen,2024-12-14
123,Hannah Harrison,keithcampbell@example.com,REGULAR,Europe,Houston,2022-09-29,Hannah Harrison,2022-09-29
124,Michele Jones,kristin93@example.com,NEW,Middle East,Phoenix,2023-08-07,Michele Jones,2023-08-07
125,Ronald Stephens,rebekahserrano@example.com,VIP,North America,Paris,2025-05-12,Ronald Stephens,2025-05-12
126,Charles Martin,scott74@example.com,VIP,Middle East,Mumbai,2023-11-30,Charles Martin,2023-11-30
127,Holly Bender,mkim@example.com,NEW,North America,New York,2024-09-25,Holly Bender,2024-09-25
128,Bill Reynolds,anthony39@example.com,PREMIUM,North America,Paris,2023-12-23,Bill Reynolds,2023-12-23
129,Brenda Smith,barbara27@example.com,REGULAR,Europe,Phoenix,2025-11-10,Brenda Smith,2025-11-10
130,April Ramos,wendygraham@example.com,REGULAR,South America,Berlin,2023-10-16,April Ramos,2023-10-16
131,Lisa Costa,ricky51@example.com,REGULAR,Africa,Dubai,2024-08-09,Lisa Costa,2024-08-09
132,Mia Rivera,zroberts@example.com,REGULAR,Africa,Sydney,2025-07-22,Mia Rivera,2025-07-22
133,Lisa Pierce,edwardsmarcus@example.com,REGULAR,Asia Pacific,Dubai,2024-07-16,Lisa Pierce,2024-07-16
134,Tara Powell,sandovalamy@example.com,VIP,Middle East,Toronto,2024-10-17,Tara Powell,2024-10-17
135,Robert Lopez,wgarrett@example.com,NEW,North America,Houston,2024-02-23,Robert Lopez,2024-02-23
136,Brett Adams,samuel71@example.com,PREMIUM,Asia Pacific,Berlin,2023-03-01,Brett Adams,2023-03-01
137,Anthony Mccoy,jennifercollins@example.com,VIP,Asia Pacific,Tokyo,2026-01-02,Anthony Mccoy,2026-01-02
138,Alexander Russell,murraydavid@example.com,REGULAR,North America,Mumbai,2023-07-25,Alexander Russell,2023-07-25
139,Marilyn Jimenez,william46@example.com,VIP,Africa,Mumbai,2025-08-27,Marilyn Jimenez,2025-08-27
141,James Greene,michellehill@example.com,REGULAR,Europe,Mumbai,2025-10-12,James Greene,2025-10-12
142,Kristy Perry,lori44@example.com,REGULAR,Middle East,Unknown,2026-07-31,Kristy Perry,2026-07-31
143,Mary Carpenter,cgrimes@example.com,PREMIUM,South America,Sao Paulo,2025-05-31,Mary Carpenter,2025-05-31
144,Amanda Reed,ugibson@example.com,PREMIUM,Asia Pacific,Toronto,2024-12-14,Amanda Reed,2024-12-14
145,Molly Pollard,xhall@example.com,REGULAR,North America,Los Angeles,2023-08-15,Molly Pollard,2023-08-15
146,Robert Flores,qhughes@example.com,NEW,Asia Pacific,Houston,2024-08-13,Robert Flores,2024-08-13
147,Laura Pearson,ihanna@example.com,VIP,North America,Los Angeles,2023-04-03,Laura Pearson,2023-04-03
148,Wayne Lawrence,sawyerscott@example.com,VIP,North America,London,2026-04-22,Wayne Lawrence,2026-04-22
149,Alicia Bryant,robertpena@example.com,VIP,North America,Los Angeles,2025-09-05,Alicia Bryant,2025-09-05
150,Eric Harrison,cindy61@example.com,NEW,Africa,Sydney,2023-09-25,Eric Harrison,2023-09-25
151,Melissa Phelps,ofinley@example.com,VIP,North America,Houston,2026-04-05,Melissa Phelps,2026-04-05
152,Jennifer Malone,williamsonjimmy@example.com,VIP,Africa,Toronto,2026-04-26,Jennifer Malone,2026-04-26
153,Gabrielle Mitchell,hamiltoncorey@example.com,PREMIUM,Europe,Phoenix,2023-07-29,Gabrielle Mitchell,2023-07-29
154,Cynthia Brennan,heatherberger@example.com,REGULAR,South America,Singapore,2024-06-29,Cynthia Brennan,2024-06-29
155,Brandon Flynn,nicholas23@example.com,VIP,Africa,Dubai,2023-11-08,Brandon Flynn,2023-11-08
156,Amanda Knight,georgemiller@example.com,REGULAR,Europe,Sydney,2025-12-23,Amanda Knight,2025-12-23
157,Monica Harvey,jdurham@example.com,REGULAR,Middle East,Sao Paulo,2023-08-19,Monica Harvey,2023-08-19
158,Jesse Little,elizabeth74@example.com,NEW,Middle East,Toronto,2024-07-23,Jesse Little,2024-07-23
159,Erica Moore,vanessa46@example.com,VIP,Africa,London,2024-06-26,Erica Moore,2024-06-26
160,Hannah Bryant,yvonnecastaneda@example.com,VIP,Europe,Sao Paulo,2023-11-22,Hannah Bryant,2023-11-22
161,Daniel James,victoria40@example.com,VIP,North America,Sao Paulo,2024-02-18,Daniel James,2024-02-18
162,Tiffany Barrett,knightgina@example.com,PREMIUM,Europe,Phoenix,2023-10-10,Tiffany Barrett,2023-10-10
163,Julie Williams,swall@example.com,PREMIUM,Middle East,Chicago,2025-03-09,Julie Williams,2025-03-09
165,John Campos,courtneyberger@example.com,PREMIUM,South America,Phoenix,2025-11-14,John Campos,2025-11-14
166,Debbie Parker,rileyjessica@example.com,REGULAR,Africa,Phoenix,2024-06-24,Debbie Parker,2024-06-24
167,Christopher Phillips,ithompson@example.com,PREMIUM,Africa,Cape Town,2025-10-14,Christopher Phillips,2025-10-14
168,Kristin Walter,maria47@example.com,NEW,South America,Sydney,2024-02-29,Kristin Walter,2024-02-29
169,Tammy Phillips,linda71@example.com,NEW,Asia Pacific,Sao Paulo,2026-04-23,Tammy Phillips,2026-04-23
170,Donald Levy,zcoffey@example.com,PREMIUM,Europe,Singapore,2026-04-07,Donald Levy,2026-04-07
171,Angela Davis,bakerdavid@example.com,REGULAR,Europe,London,2024-04-13,Angela Davis,2024-04-13
172,Miguel Curry,xcarson@example.com,PREMIUM,Asia Pacific,New York,2023-09-21,Miguel Curry,2023-09-21
173,Daniel Hall,rose31@example.com,REGULAR,Europe,Toronto,2022-09-17,Daniel Hall,2022-09-17
174,Cynthia Marshall,debra12@example.com,PREMIUM,North America,Singapore,2025-08-03,Cynthia Marshall,2025-08-03
175,Brandon Johnson,davispaige@example.com,REGULAR,Unknown,Phoenix,2024-09-13,Brandon Johnson,2024-09-13
176,Derek Chavez,umatthews@example.com,VIP,South America,Los Angeles,2025-06-16,Derek Chavez,2025-06-16
177,Eric Perry,rgilbert@example.com,NEW,Middle East,Berlin,2023-01-10,Eric Perry,2023-01-10
178,Antonio Wood,xsampson@example.com,PREMIUM,Africa,Mumbai,2024-06-28,Antonio Wood,2024-06-28
179,Cory Jennings,bruce43@example.com,REGULAR,Asia Pacific,Los Angeles,2024-12-02,Cory Jennings,2024-12-02
180,Tammy Rush™,ndavis@example.com,VIP,South America,Houston,2026-02-10,Tammy Rush™,2026-02-10
182,David Cunningham,brendali@example.com,NEW,North America,Los Angeles,2022-11-24,David Cunningham,2022-11-24
183,Jesse Schroeder,ramireztracey@example.com,NEW,Middle East,Los Angeles,2025-12-17,Jesse Schroeder,2025-12-17
184,Vanessa Fernandez,danieldelacruz@example.com,VIP,Europe,Mumbai,2026-01-01,Vanessa Fernandez,2026-01-01
186,Joseph Martinez,reesethomas@example.com,NEW,North America,London,2024-05-24,Joseph Martinez,2024-05-24
187,Kimberly Palmer,ngordon@example.com,NEW,South America,Mumbai,2023-01-26,Kimberly Palmer,2023-01-26
188,Bradley Logan,stephen00@example.com,NEW,Europe,Los Angeles,2026-04-17,Bradley Logan,2026-04-17
189,Yolanda Boone,henryrenee@example.com,PREMIUM,North America,Unknown,2024-06-02,Yolanda Boone,2024-06-02
190,Charles Miller,cameronhill@example.com,REGULAR,Middle East,Dubai,2025-03-11,Charles Miller,2025-03-11
191,Cynthia Kelley,hvang@example.com,VIP,Asia Pacific,Tokyo,2023-12-28,Cynthia Kelley,2023-12-28
192,Kenneth Wagner,mcguiredanny@example.com,NEW,Middle East,Tokyo,2024-06-08,Kenneth Wagner,2024-06-08
193,Diana Rich,russellbeasley@example.com,NEW,South America,Chicago,2024-12-13,Diana Rich,2024-12-13
194,Robert Wilcox,ublair@example.com,VIP,Africa,Chicago,2024-04-20,Robert Wilcox,2024-04-20
195,Ronald Ortega,gloriawells@example.com,PREMIUM,Europe,Houston,2024-03-13,Ronald Ortega,2024-03-13
196,Christopher Miller,garnernathan@example.com,VIP,Middle East,Dubai,2024-06-10,Christopher Miller,2024-06-10
197,David Brown,elizabeth65@example.com,VIP,Asia Pacific,Singapore,2024-12-29,David Brown,2024-12-29
198,Morgan Pugh,schmittcaroline@example.com,VIP,Africa,Dubai,2024-05-28,Morgan Pugh,2024-05-28
199,Michael Lane,dianewalker@example.com,PREMIUM,South America,Los Angeles,2023-07-06,Michael Lane,2023-07-06
200,Daniel Bruce,farmeraudrey@example.com,PREMIUM,Europe,Sydney,2024-03-02,Daniel Bruce,2024-03-02
201,Lindsay Bruce,lynchdiane@example.com,PREMIUM,Africa,Chicago,2025-11-14,Lindsay Bruce,2025-11-14
202,Heather Johnson,sandra50@example.com,VIP,Middle East,Chicago,2023-10-08,Heather Johnson,2023-10-08
203,Howard Thomas,vjones@example.com,NEW,Middle East,Singapore,2025-05-27,Howard Thomas,2025-05-27
204,Cynthia Johnson,nicholaschavez@example.com,PREMIUM,Africa,Dubai,2025-10-12,Cynthia Johnson,2025-10-12
205,Eric Collins,wareeric@example.com,PREMIUM,Europe,Toronto,2023-12-26,Eric Collins,2023-12-26
206,Karen Williams,scott67@example.com,NEW,South America,Houston,2022-12-14,Karen Williams,2022-12-14
208,Erika Watkins,brandon69@example.com,VIP,Middle East,Paris,2024-11-05,Erika Watkins,2024-11-05
209,Brian Harris,kathrynroberts@example.com,VIP,Asia Pacific,Dubai,2023-07-04,Brian Harris,2023-07-04
210,David Jimenez,davidpatel@example.com,NEW,Middle East,Singapore,2024-08-06,David Jimenez,2024-08-06
211,Jerry Hansen,charles06@example.com,VIP,Asia Pacific,Sao Paulo,2025-06-12,Jerry Hansen,2025-06-12
212,Andrew Morse,barbara96@example.com,NEW,Middle East,Tokyo,2026-04-10,Andrew Morse,2026-04-10
213,Jenna Butler,usmith@example.com,REGULAR,Asia Pacific,Toronto,2023-02-04,Jenna Butler,2023-02-04
214,George Meza,christopher13@example.com,NEW,Unknown,Toronto,2024-07-24,George Meza,2024-07-24
215,Ryan Morales,vharrell@example.com,PREMIUM,Europe,Toronto,2022-12-10,Ryan Morales,2022-12-10
216,Matthew Cook,dixondaniel@example.com,VIP,Middle East,Singapore,2023-04-28,Matthew Cook,2023-04-28
217,William Bullock,jessica23@example.com,REGULAR,Asia Pacific,New York,2024-02-03,William Bullock,2024-02-03
218,Curtis Scott,kathleenrios@example.com,PREMIUM,Africa,Singapore,2023-05-06,Curtis Scott,2023-05-06
219,Gregory Mejia,wwebster@example.com,PREMIUM,Africa,Houston,2024-09-15,Gregory Mejia,2024-09-15
220,Bethany Maldonado,michelle52@example.com,PREMIUM,Asia Pacific,Singapore,2026-05-11,Bethany Maldonado,2026-05-11
221,Unknown Customer,laura90@example.com,VIP,Africa,Sao Paulo,2025-04-16,Unknown Customer,2025-04-16
222,Michael Jones,xjohnson@example.com,VIP,Africa,Tokyo,2024-07-27,Michael Jones,2024-07-27
223,Marie Jones,gilbertwilliam@example.com,PREMIUM,Europe,Paris,2026-04-13,Marie Jones,2026-04-13
224,Steven Spencer,colelisa@example.com,VIP,Europe,Sao Paulo,2025-12-22,Steven Spencer,2025-12-22
225,Denise Morris,susanhayes@example.com,PREMIUM,Europe,Chicago,2024-08-17,Denise Morris,2024-08-17
226,Lisa Monroe,wagnergerald@example.com,PREMIUM,Middle East,Tokyo,2025-08-23,Lisa Monroe,2025-08-23
227,John Kim,michaelhardin@example.com,PREMIUM,Africa,Houston,2024-06-22,John Kim,2024-06-22
228,Paul Schroeder,mccormickdeborah@example.com,REGULAR,Middle East,London,2025-06-29,Paul Schroeder,2025-06-29
229,Cameron Davis,umitchell@example.com,PREMIUM,Europe,Los Angeles,2025-06-28,Cameron Davis,2025-06-28
230,Melissa Brandt,mathewaguilar@example.com,REGULAR,South America,London,2025-03-03,Melissa Brandt,2025-03-03
231,Donald Bailey,tanderson@example.com,PREMIUM,Africa,Sydney,2025-05-25,Donald Bailey,2025-05-25
232,Sharon Collins,lisa81@example.com,VIP,Asia Pacific,Singapore,2024-03-17,Sharon Collins,2024-03-17
233,Debbie Henderson,coxhenry@example.com,REGULAR,Europe,Dubai,2024-02-23,Debbie Henderson,2024-02-23
234,Jason Meza,jeremytaylor@example.com,PREMIUM,South America,Sao Paulo,2024-09-03,Jason Meza,2024-09-03
235,Chris Richard,stanleynancy@example.com,PREMIUM,Asia Pacific,Berlin,2023-01-14,Chris Richard,2023-01-14
236,Christine Harper,henryschwartz@example.com,REGULAR,Europe,Berlin,2023-04-06,Christine Harper,2023-04-06
237,Colleen Orr,xwilliams@example.com,VIP,Africa,Sydney,2025-09-03,Colleen Orr,2025-09-03
238,Erica Young,karen73@example.com,NEW,Africa,Mumbai,2024-06-30,Erica Young,2024-06-30
239,Amanda Collins,mmckee@example.com,PREMIUM,South America,Chicago,2026-01-17,Amanda Collins,2026-01-17
240,Micheal Valentine,xhammond@example.com,REGULAR,North America,Paris,2024-06-24,Micheal Valentine,2024-06-24
241,Patrick Rose,laurietaylor@example.com,REGULAR,Africa,Singapore,2023-04-18,Patrick Rose,2023-04-18
242,John Davidson,angela18@example.com,NEW,Asia Pacific,Dubai,2026-04-28,John Davidson,2026-04-28
243,Ω,joshuawhitehead@example.com,REGULAR,North America,Chicago,2025-11-07,Ω,2025-11-07
244,Dylan Kim,lisawilkerson@example.com,NEW,North America,London,2026-06-24,Dylan Kim,2026-06-24
245,Sarah Perry,joe15@example.com,NEW,Europe,Sao Paulo,2024-04-16,Sarah Perry,2024-04-16
246,Jeffrey Flores,lacey20@example.com,PREMIUM,Africa,Houston,2023-01-10,Jeffrey Flores,2023-01-10
247,Justin Gallegos,katherineharrison@example.com,PREMIUM,North America,Sydney,2025-07-26,Justin Gallegos,2025-07-26
248,Christina Bullock,jason28@example.com,PREMIUM,South America,Phoenix,2022-09-08,Christina Bullock,2022-09-08
249,Shelby Lynch,parsonsjohn@example.com,NEW,Middle East,New York,2024-05-28,Shelby Lynch,2024-05-28
250,David Allen,fbrown@example.com,REGULAR,South America,Sao Paulo,2025-04-28,David Allen,2025-04-28
251,Candice Smith,jennifercarter@example.com,PREMIUM,Middle East,Berlin,2024-10-18,Candice Smith,2024-10-18
252,Aaron Gomez,qlopez@example.com,VIP,South America,Phoenix,2025-01-12,Aaron Gomez,2025-01-12
253,Christopher Villegas,myerstheodore@example.com,PREMIUM,Africa,Singapore,2022-11-23,Christopher Villegas,2022-11-23
254,Cynthia Zavala,kellycarlos@example.com,NEW,Asia Pacific,Sao Paulo,2023-09-08,Cynthia Zavala,2023-09-08
255,John Sandoval,dennis58@example.com,PREMIUM,Asia Pacific,Cape Town,2023-01-18,John Sandoval,2023-01-18
256,Matthew Day,epollard@example.com,PREMIUM,Europe,Dubai,2026-02-19,Matthew Day,2026-02-19
257,Crystal Cain,mjohnson@example.com,VIP,Asia Pacific,Los Angeles,2022-11-16,Crystal Cain,2022-11-16
258,Bradley Gonzalez,sarah86@example.com,PREMIUM,Asia Pacific,Toronto,2022-10-14,Bradley Gonzalez,2022-10-14
259,Veronica Daniels,mullinsjames@example.com,REGULAR,Africa,Singapore,2023-09-07,Veronica Daniels,2023-09-07
260,Michael Norman,joshua56@example.com,PREMIUM,Middle East,Sydney,2026-04-15,Michael Norman,2026-04-15
261,Pamela Paul,lmorgan@example.com,NEW,Asia Pacific,Singapore,2026-05-30,Pamela Paul,2026-05-30
262,Tyler Jimenez,laurie61@example.com,REGULAR,Middle East,Phoenix,2026-07-15,Tyler Jimenez,2026-07-15
263,Ryan Carney,manuel15@example.com,PREMIUM,Europe,Berlin,2023-05-17,Ryan Carney,2023-05-17
264,Donna Parker,cjackson@example.com,NEW,Africa,Singapore,2025-03-03,Donna Parker,2025-03-03
266,Danielle Moody,lambertrichard@example.com,REGULAR,Asia Pacific,Berlin,2022-11-07,Danielle Moody,2022-11-07
267,William Brady,thomascathy@example.com,REGULAR,Middle East,Singapore,2023-04-15,William Brady,2023-04-15
268,Kimberly Johnsonğ,kimberlydiaz@example.com,VIP,North America,Cape Town,2022-11-22,Kimberly Johnsonğ,2022-11-22
269,Patrick Bradley,erikarush@example.com,PREMIUM,South America,Tokyo,2025-03-06,Patrick Bradley,2025-03-06
270,Nathan Hines,alyssasanders@example.com,NEW,Asia Pacific,Berlin,2025-01-17,Nathan Hines,2025-01-17
271,Debra Wright,fitzgeraldvictor@example.com,REGULAR,North America,Sao Paulo,2023-02-02,Debra Wright,2023-02-02
272,Unknown Customer,jane39@example.com,NEW,Africa,Houston,2023-09-20,Unknown Customer,2023-09-20
273,Justin Hendricks,davidfarrell@example.com,NEW,Unknown,Tokyo,2024-09-11,Justin Hendricks,2024-09-11
274,Shannon Roach,cochrantammy@example.com,PREMIUM,Middle East,Sao Paulo,2024-07-01,Shannon Roach,2024-07-01
275,Valerie Contreras,piercekelly@example.com,NEW,Africa,Toronto,2025-08-16,Valerie Contreras,2025-08-16
276,Kevin Moore,laurahicks@example.com,REGULAR,Middle East,Mumbai,2025-08-16,Kevin Moore,2025-08-16
277,David Harris,kristyjohnson@example.com,NEW,Unknown,Dubai,2023-03-13,David Harris,2023-03-13
278,Angela Wood,cherylmiller@example.com,NEW,North America,Sydney,2026-01-09,Angela Wood,2026-01-09
279,Unknown Customer,xfox@example.com,PREMIUM,Africa,Mumbai,2025-08-30,Unknown Customer,2025-08-30
281,Erin Cooper,katrinaanderson@example.com,REGULAR,Middle East,Toronto,2026-05-04,Erin Cooper,2026-05-04
282,Wesley Oneill,holmeskevin@example.com,PREMIUM,Middle East,Sao Paulo,2026-02-21,Wesley Oneill,2026-02-21
283,Fernando Donovan,stacey84@example.com,PREMIUM,Asia Pacific,Sydney,2023-07-26,Fernando Donovan,2023-07-26
284,Meghan King,david49@example.com,NEW,Middle East,Dubai,2025-04-22,Meghan King,2025-04-22
286,Rachel Morgan,bryananthony@example.com,VIP,Middle East,Paris,2026-07-15,Rachel Morgan,2026-07-15
287,Brandon May,debra96@example.com,NEW,Middle East,Toronto,2025-01-21,Brandon May,2025-01-21
288,Christine Johnson,dawn47@example.com,PREMIUM,Middle East,London,2026-05-22,Christine Johnson,2026-05-22
289,John Aguirre,shawn02@example.com,PREMIUM,Asia Pacific,Chicago,2024-05-01,John Aguirre,2024-05-01
290,Scott Washington,catherine55@example.com,VIP,South America,Phoenix,2023-06-22,Scott Washington,2023-06-22
291,Jessica Valencia,kathleenrobertson@example.com,NEW,Middle East,Cape Town,2024-04-20,Jessica Valencia,2024-04-20
292,Daniel Allen,shannon21@example.com,REGULAR,North America,Mumbai,2023-02-16,Daniel Allen,2023-02-16
293,Brent Dougherty,kwright@example.com,NEW,Europe,Cape Town,2026-04-13,Brent Dougherty,2026-04-13
294,Lisa Peck,james27@example.com,PREMIUM,Asia Pacific,Dubai,2025-09-03,Lisa Peck,2025-09-03
295,Wendy Owens,tyler16@example.com,REGULAR,Asia Pacific,Cape Town,2026-05-06,Wendy Owens,2026-05-06
296,William Levy,brandon47@example.com,VIP,Europe,Paris,2023-07-10,William Levy,2023-07-10
297,Carla Cameron,amitchell@example.com,REGULAR,Europe,New York,2025-06-19,Carla Cameron,2025-06-19
298,Melanie Jordan,jessica65@example.com,PREMIUM,Middle East,London,2026-05-11,Melanie Jordan,2026-05-11
299,Brandon Williams,michaelroberts@example.com,PREMIUM,South America,Cape Town,2024-12-29,Brandon Williams,2024-12-29
300,Paul Cole,marcia99@example.com,NEW,Unknown,Tokyo,2024-12-11,Paul Cole,2024-12-11
301,Unknown Customer,laura58@example.com,PREMIUM,Europe,Dubai,2024-04-12,Unknown Customer,2024-04-12
302,Sheila Fischer,cporter@example.com,VIP,Middle East,Sao Paulo,2023-06-15,Sheila Fischer,2023-06-15
303,Benjamin Reeves,jstone@example.com,VIP,Middle East,Phoenix,2026-01-09,Benjamin Reeves,2026-01-09
304,Catherine Robertson,francisco94@example.com,PREMIUM,Middle East,Phoenix,2024-01-01,Catherine Robertson,2024-01-01
305,Brittney Romero,terickson@example.com,PREMIUM,Middle East,Sydney,2024-10-09,Brittney Romero,2024-10-09
306,Thomas Smith,whitneybrandy@example.com,VIP,North America,Paris,2024-01-06,Thomas Smith,2024-01-06
307,Laura Swanson,carlsonjoseph@example.com,NEW,Asia Pacific,Dubai,2025-07-13,Laura Swanson,2025-07-13
308,Diana Stanton,jennifersilva@example.com,VIP,South America,London,2025-01-24,Diana Stanton,2025-01-24
309,George Fuller,rhernandez@example.com,REGULAR,Middle East,Mumbai,2025-03-29,George Fuller,2025-03-29
310,John Armstrong,leescott@example.com,PREMIUM,Asia Pacific,Berlin,2025-08-02,John Armstrong,2025-08-02
311,Robert Gutierrez,nshaw@example.com,REGULAR,Asia Pacific,Houston,2023-06-22,Robert Gutierrez,2023-06-22
312,Samantha Salas,thorntonapril@example.com,VIP,Africa,Cape Town,2025-09-26,Samantha Salas,2025-09-26
313,Ann Bolton,ledwards@example.com,REGULAR,Middle East,Tokyo,2024-08-22,Ann Bolton,2024-08-22
314,Steve Patel,erica49@example.com,VIP,Middle East,Houston,2024-12-05,Steve Patel,2024-12-05
315,Todd Bernard,jeffrey44@example.com,VIP,Africa,Phoenix,2023-10-17,Todd Bernard,2023-10-17
316,Janet Vaughn,timothy84@example.com,NEW,Asia Pacific,Tokyo,2024-09-07,Janet Vaughn,2024-09-07
317,Keith Berry,zhuang@example.com,NEW,Middle East,Mumbai,2024-11-30,Keith Berry,2024-11-30
318,Loretta Blevins,kellyroberts@example.com,REGULAR,Africa,Mumbai,2026-01-10,Loretta Blevins,2026-01-10
319,Jennifer Reed,julie33@example.com,PREMIUM,Asia Pacific,Sydney,2024-06-27,Jennifer Reed,2024-06-27
320,Maria Nelson,derrick99@example.com,VIP,Africa,Los Angeles,2024-12-30,Maria Nelson,2024-12-30
321,John Williams,danawilliams@example.com,PREMIUM,Asia Pacific,Cape Town,2026-06-16,John Williams,2026-06-16
322,Robert Love,adampierce@example.com,PREMIUM,Europe,Mumbai,2023-01-13,Robert Love,2023-01-13
323,Sarah Russell,mwoods@example.com,NEW,Africa,Berlin,2026-08-01,Sarah Russell,2026-08-01
324,Unknown Customer,velezchristopher@example.com,PREMIUM,Middle East,New York,2023-10-27,Unknown Customer,2023-10-27
325,Audrey Nichols,gentrygregory@example.com,NEW,North America,Chicago,2025-09-06,Audrey Nichols,2025-09-06
326,Nicole Thompson,osbornrandy@example.com,PREMIUM,Asia Pacific,Phoenix,2026-07-08,Nicole Thompson,2026-07-08
327,Tyler Zuniga,nancy04@example.com,PREMIUM,Asia Pacific,Paris,2026-04-26,Tyler Zuniga,2026-04-26
328,Ashley Rodriguez,shawn88@example.com,PREMIUM,North America,Phoenix,2024-01-12,Ashley Rodriguez,2024-01-12
329,Troy Mays,znelson@example.com,VIP,South America,Chicago,2026-03-24,Troy Mays,2026-03-24
330,Daniel Martin,jennifer05@example.com,REGULAR,Africa,Paris,2024-07-22,Daniel Martin,2024-07-22
331,Krystal Bradley,gregorychase@example.com,REGULAR,South America,Houston,2025-10-29,Krystal Bradley,2025-10-29
332,Penny Wilcoxñ,christopher12@example.com,VIP,South America,Cape Town,2024-10-18,Penny Wilcoxñ,2024-10-18
333,Tina Woods,adamreyes@example.com,REGULAR,North America,New York,2026-08-02,Tina Woods,2026-08-02
334,Sean Adams,brandi90@example.com,NEW,Asia Pacific,Chicago,2024-01-04,Sean Adams,2024-01-04
335,Jose Ward,contrerassteven@example.com,REGULAR,Middle East,Phoenix,2023-08-12,Jose Ward,2023-08-12
336,Erik Parks,hannah45@example.com,REGULAR,Europe,Berlin,2026-07-13,Erik Parks,2026-07-13
337,Christina Robinson,vhernandez@example.com,REGULAR,Europe,London,2023-03-05,Christina Robinson,2023-03-05
338,Vanessa Brooks,ztodd@example.com,VIP,Middle East,Tokyo,2025-08-04,Vanessa Brooks,2025-08-04
339,Elizabeth Robinson,foxallison@example.com,REGULAR,North America,Cape Town,2023-08-29,Elizabeth Robinson,2023-08-29
340,Michael Stark,poolerebecca@example.com,REGULAR,Asia Pacific,Mumbai,2023-01-31,Michael Stark,2023-01-31
341,James Herrera,melissa71@example.com,REGULAR,Middle East,Houston,2023-04-22,James Herrera,2023-04-22
342,Erin Love,nolansean@example.com,NEW,Europe,Phoenix,2024-09-07,Erin Love,2024-09-07
343,Brian Anderson,jelliott@example.com,NEW,South America,Cape Town,2024-05-16,Brian Anderson,2024-05-16
344,Steven Roman,fosterlisa@example.com,REGULAR,Middle East,Los Angeles,2025-09-06,Steven Roman,2025-09-06
345,Julie Lane,ecooper@example.com,REGULAR,Asia Pacific,Sydney,2022-10-19,Julie Lane,2022-10-19
346,Unknown Customer,andersenthomas@example.com,VIP,Africa,Dubai,2026-05-30,Unknown Customer,2026-05-30
347,Justin White,ybrooks@example.com,PREMIUM,South America,Berlin,2023-03-08,Justin White,2023-03-08
348,Shane Starkñ,qmiller@example.com,REGULAR,Africa,Sydney,2024-03-18,Shane Starkñ,2024-03-18
349,Nancy Anderson,david86@example.com,REGULAR,South America,Unknown,2026-04-07,Nancy Anderson,2026-04-07
350,Allison Luna,avilatiffany@example.com,NEW,Africa,Houston,2023-07-21,Allison Luna,2023-07-21
351,Steven Ball,pmorrow@example.com,REGULAR,Asia Pacific,Phoenix,2024-05-29,Steven Ball,2024-05-29
352,Steven Moore,johnsondonna@example.com,VIP,Europe,Berlin,2023-05-29,Steven Moore,2023-05-29
353,Christina Mayer,allencarlos@example.com,PREMIUM,North America,Dubai,2026-05-22,Christina Mayer,2026-05-22
354,Brittney Griffin,sanchezbradley@example.com,NEW,Europe,Houston,2025-06-18,Brittney Griffin,2025-06-18
355,Scott Fernandez,taylorvictoria@example.com,REGULAR,South America,Toronto,2025-10-24,Scott Fernandez,2025-10-24
356,Jim Hendricks,barbara53@example.com,REGULAR,Africa,London,2025-01-20,Jim Hendricks,2025-01-20
357,Kevin Thomas,roberthill@example.com,NEW,North America,Phoenix,2025-05-31,Kevin Thomas,2025-05-31
358,Angela Vargas,conniesimmons@example.com,PREMIUM,Asia Pacific,Chicago,2025-09-25,Angela Vargas,2025-09-25
359,Tyler Compton,ufloyd@example.com,REGULAR,South America,Dubai,2025-05-05,Tyler Compton,2025-05-05
360,Heather Russell,iwhite@example.com,REGULAR,North America,Los Angeles,2023-11-18,Heather Russell,2023-11-18
361,Thomas Atkinson,lindamelendez@example.com,REGULAR,Asia Pacific,London,2023-11-20,Thomas Atkinson,2023-11-20
362,Anna Faulkner,paulscott@example.com,PREMIUM,North America,Berlin,2024-12-22,Anna Faulkner,2024-12-22
363,Mark Miller,christopher30@example.com,REGULAR,Europe,Cape Town,2024-07-08,Mark Miller,2024-07-08
364,Joseph Nunez,russojacob@example.com,REGULAR,Asia Pacific,Mumbai,2025-03-03,Joseph Nunez,2025-03-03
365,Kathleen Ramsey,timothybooth@example.com,VIP,Asia Pacific,New York,2024-12-25,Kathleen Ramsey,2024-12-25
366,Mason Krueger,sharonhayden@example.com,REGULAR,Asia Pacific,Berlin,2022-09-02,Mason Krueger,2022-09-02
367,David Key,heatherpadilla@example.com,REGULAR,South America,Sao Paulo,2024-08-22,David Key,2024-08-22
368,Randy Allen,oscar85@example.com,VIP,Africa,New York,2023-12-22,Randy Allen,2023-12-22
369,Kyle Ward,zowens@example.com,PREMIUM,Asia Pacific,London,2026-05-12,Kyle Ward,2026-05-12
370,Tina Harrison,robin55@example.com,NEW,North America,Paris,2026-03-06,Tina Harrison,2026-03-06
371,Robert Hart,allentran@example.com,VIP,North America,Phoenix,2023-07-19,Robert Hart,2023-07-19
372,Brandy Cortez,jameshall@example.com,VIP,Africa,Sao Paulo,2023-11-11,Brandy Cortez,2023-11-11
373,Ashley Sanchez,jonathan77@example.com,NEW,Africa,Toronto,2024-12-12,Ashley Sanchez,2024-12-12
374,Steven Oconnor,donaldpayne@example.com,VIP,South America,London,2024-02-08,Steven Oconnor,2024-02-08
375,Jack Preston,warrenmary@example.com,REGULAR,Africa,Sao Paulo,2025-05-03,Jack Preston,2025-05-03
376,Charles Meyers,gutierrezmegan@example.com,VIP,Middle East,Houston,2022-10-24,Charles Meyers,2022-10-24
377,Jesse Mann,williambrooks@example.com,VIP,South America,Chicago,2022-08-24,Jesse Mann,2022-08-24
378,Christine Estrada,bhopkins@example.com,REGULAR,Europe,Chicago,2025-03-24,Christine Estrada,2025-03-24
379,Adam Arnold,morenojoshua@example.com,NEW,Africa,London,2022-08-28,Adam Arnold,2022-08-28
380,Tiffany Smith,ldrake@example.com,REGULAR,Asia Pacific,Berlin,2026-01-24,Tiffany Smith,2026-01-24
381,Daniel Davis,jamesfox@example.com,VIP,Europe,Chicago,2023-03-29,Daniel Davis,2023-03-29
382,Lisa Adams,watsonrichard@example.com,REGULAR,Europe,Singapore,2024-04-17,Lisa Adams,2024-04-17
383,Annette Branch,gabriella10@example.com,NEW,South America,Toronto,2023-07-26,Annette Branch,2023-07-26
384,Clayton Gray,abrown@example.com,VIP,Africa,Berlin,2024-12-15,Clayton Gray,2024-12-15
385,Jacqueline Miller,vnewman@example.com,REGULAR,Unknown,Singapore,2026-03-15,Jacqueline Miller,2026-03-15
386,Ariel Hodge,hallrachel@example.com,REGULAR,Europe,Singapore,2023-01-05,Ariel Hodge,2023-01-05
387,Heather Knight,glassgabrielle@example.com,NEW,Europe,Los Angeles,2023-10-05,Heather Knight,2023-10-05
388,Juan Daniels,whitemelissa@example.com,REGULAR,South America,Houston,2025-05-28,Juan Daniels,2025-05-28
389,Alexis Clark,thickman@example.com,PREMIUM,Middle East,Sao Paulo,2023-03-21,Alexis Clark,2023-03-21
390,Francisco Allen,irhodes@example.com,NEW,Middle East,Singapore,2026-02-26,Francisco Allen,2026-02-26
391,Martin Campos,masonterri@example.com,PREMIUM,North America,Dubai,2023-03-15,Martin Campos,2023-03-15
392,Brian Kim,petersonkayla@example.com,PREMIUM,North America,Cape Town,2026-03-04,Brian Kim,2026-03-04
393,Stephanie Sanders,anthony47@example.com,VIP,Africa,Chicago,2025-11-23,Stephanie Sanders,2025-11-23
394,Tracy Kelly,llopez@example.com,NEW,North America,Cape Town,2024-03-15,Tracy Kelly,2024-03-15
395,Donna Miller,lauren11@example.com,REGULAR,North America,Houston,2025-03-27,Donna Miller,2025-03-27
396,Joseph James,jodistewart@example.com,VIP,Asia Pacific,Unknown,2025-12-09,Joseph James,2025-12-09
397,Daniel Smith,rward@example.com,REGULAR,Asia Pacific,Toronto,2023-12-01,Daniel Smith,2023-12-01
398,Curtis Miller,ghawkins@example.com,VIP,North America,Sydney,2024-06-09,Curtis Miller,2024-06-09
399,Ricky Johnson,carlsonkristen@example.com,PREMIUM,South America,Dubai,2024-02-10,Ricky Johnson,2024-02-10
400,Michelle Smith,umaxwell@example.com,REGULAR,South America,Cape Town,2024-05-13,Michelle Smith,2024-05-13
401,Rachel Stein,ginajackson@example.com,PREMIUM,North America,Sao Paulo,2023-08-22,Rachel Stein,2023-08-22
402,Joseph Adams,jacksonjoshua@example.com,PREMIUM,South America,Unknown,2023-03-24,Joseph Adams,2023-03-24
403,Kevin Patton,sheryl79@example.com,NEW,Middle East,Houston,2024-02-21,Kevin Patton,2024-02-21
404,Christina Ellis,adam65@example.com,NEW,Middle East,Mumbai,2023-03-08,Christina Ellis,2023-03-08
405,Meagan James,scott69@example.com,VIP,North America,London,2026-04-10,Meagan James,2026-04-10
406,Derek Flores,timothythompson@example.com,PREMIUM,Africa,Cape Town,2025-07-25,Derek Flores,2025-07-25
407,Raymond Flores,yfaulkner@example.com,NEW,South America,New York,2025-09-24,Raymond Flores,2025-09-24
408,John Bennett,kdiaz@example.com,VIP,Asia Pacific,Mumbai,2026-01-29,John Bennett,2026-01-29
409,James Osborn,bentonsteven@example.com,NEW,Middle East,Mumbai,2023-05-16,James Osborn,2023-05-16
410,Jeanette Gonzales,fuenteslaura@example.com,NEW,North America,Tokyo,2023-11-05,Jeanette Gonzales,2023-11-05
411,Robert Porter,john26@example.com,VIP,South America,Berlin,2025-04-19,Robert Porter,2025-04-19
412,Kristina Jones,iaguilar@example.com,VIP,Africa,New York,2025-02-23,Kristina Jones,2025-02-23
413,William Knapp,ystephens@example.com,NEW,Africa,Paris,2025-07-19,William Knapp,2025-07-19
414,Tanya Miles,rodriguezjohn@example.com,NEW,Africa,Sydney,2026-01-22,Tanya Miles,2026-01-22
415,Elizabeth Jackson,hartdeanna@example.com,REGULAR,Asia Pacific,Tokyo,2025-03-18,Elizabeth Jackson,2025-03-18
416,Deborah Rasmussen,grodriguez@example.com,VIP,Africa,Mumbai,2024-01-07,Deborah Rasmussen,2024-01-07
417,Jonathan Dixon,seanmyers@example.com,VIP,Europe,Dubai,2024-10-23,Jonathan Dixon,2024-10-23
418,Kelsey Chapman,michaeljohnson@example.com,REGULAR,Asia Pacific,Houston,2024-09-25,Kelsey Chapman,2024-09-25
419,Dan Perry,guerrajessica@example.com,PREMIUM,South America,Toronto,2022-12-21,Dan Perry,2022-12-21
420,Michael Cooper,adrianabailey@example.com,VIP,Africa,Chicago,2025-12-10,Michael Cooper,2025-12-10
421,Connor Bowen,carlos01@example.com,REGULAR,Asia Pacific,London,2024-07-12,Connor Bowen,2024-07-12
422,Andrew Cooper,sarahyang@example.com,PREMIUM,Middle East,Cape Town,2023-01-26,Andrew Cooper,2023-01-26
423,Zachary Arnold,omullen@example.com,PREMIUM,Africa,New York,2024-01-06,Zachary Arnold,2024-01-06
424,Lauren Soto✓,vfoster@example.com,PREMIUM,South America,Mumbai,2023-05-26,Lauren Soto✓,2023-05-26
425,Christina Gonzalez,tprice@example.com,REGULAR,North America,Sydney,2025-02-14,Christina Gonzalez,2025-02-14
426,Jason Ramirez,raylauren@example.com,PREMIUM,Europe,Singapore,2025-08-07,Jason Ramirez,2025-08-07
427,Amanda Diaz,qwilson@example.com,NEW,North America,Phoenix,2023-06-12,Amanda Diaz,2023-06-12
428,Michelle Rose,candice96@example.com,REGULAR,Asia Pacific,Tokyo,2025-04-28,Michelle Rose,2025-04-28
429,Brenda Bailey,rwilliamson@example.com,REGULAR,Africa,Los Angeles,2026-03-15,Brenda Bailey,2026-03-15
430,Janice Evans,powerslawrence@example.com,NEW,Africa,New York,2025-03-21,Janice Evans,2025-03-21
431,John Wilson,williambarnes@example.com,PREMIUM,Asia Pacific,Houston,2024-03-11,John Wilson,2024-03-11
432,Devin Reyes,sreid@example.com,NEW,South America,Tokyo,2023-05-25,Devin Reyes,2023-05-25
434,Leonard Hayes™,stephanie72@example.com,REGULAR,Middle East,Phoenix,2022-11-01,Leonard Hayes™,2022-11-01
435,James Cruz,fortiz@example.com,PREMIUM,Asia Pacific,Sydney,2024-12-29,James Cruz,2024-12-29
436,Robert Larsen,christopherjohnson@example.com,VIP,Europe,Toronto,2024-09-07,Robert Larsen,2024-09-07
437,Kathleen Carter,amandajackson@example.com,REGULAR,South America,London,2023-10-10,Kathleen Carter,2023-10-10
438,Stephen Newton,hdunn@example.com,REGULAR,Europe,London,2025-11-11,Stephen Newton,2025-11-11
439,Ashley Adams,amber07@example.com,NEW,Asia Pacific,London,2024-11-30,Ashley Adams,2024-11-30
440,Amy Fritz,kennethkidd@example.com,NEW,Middle East,Dubai,2023-01-16,Amy Fritz,2023-01-16
441,Shannon Bailey,gonzalesvictoria@example.com,PREMIUM,Asia Pacific,Houston,2026-01-29,Shannon Bailey,2026-01-29
442,Kimberly Youngω,michelle96@example.com,VIP,Middle East,Houston,2026-01-20,Kimberly Youngω,2026-01-20
443,Gabriel Taylor,lindahudson@example.com,NEW,South America,Los Angeles,2023-06-26,Gabriel Taylor,2023-06-26
444,Amanda Carlson,tiffany44@example.com,PREMIUM,North America,Toronto,2023-04-28,Amanda Carlson,2023-04-28
445,Unknown Customer,taylorkaren@example.com,NEW,South America,Dubai,2024-10-17,Unknown Customer,2024-10-17
446,Robert Brown,jacquelineanderson@example.com,REGULAR,Asia Pacific,New York,2023-10-14,Robert Brown,2023-10-14
447,Dustin Morris™,kburns@example.com,VIP,Middle East,Dubai,2023-08-29,Dustin Morris™,2023-08-29
448,Unknown Customer,yjones@example.com,NEW,Africa,Dubai,2024-03-14,Unknown Customer,2024-03-14
449,Nicole Davis,heather57@example.com,VIP,Middle East,Unknown,2024-10-18,Nicole Davis,2024-10-18
450,Stephanie Murphy,simonstephen@example.com,REGULAR,Europe,Paris,2022-08-13,Stephanie Murphy,2022-08-13
452,Mallory Simpson,matthew92@example.com,NEW,Africa,Phoenix,2023-12-24,Mallory Simpson,2023-12-24
453,Ashlee Washington,williamsconnie@example.com,NEW,Middle East,London,2024-01-25,Ashlee Washington,2024-01-25
454,Mary Smith,scottsmith@example.com,VIP,Middle East,Cape Town,2026-07-23,Mary Smith,2026-07-23
455,Susan Harris,nicoleturner@example.com,VIP,Europe,Phoenix,2025-07-14,Susan Harris,2025-07-14
456,Nancy Mcdowell,john52@example.com,VIP,Africa,Paris,2023-01-01,Nancy Mcdowell,2023-01-01
457,Brett Garrett,rubendavis@example.com,PREMIUM,Africa,London,2025-09-10,Brett Garrett,2025-09-10
458,Cody Lewis,brittneystone@example.com,VIP,Middle East,Cape Town,2022-12-09,Cody Lewis,2022-12-09
459,Sean Smith,mcneilrobert@example.com,NEW,North America,New York,2024-01-25,Sean Smith,2024-01-25
460,Unknown Customer,crosscurtis@example.com,VIP,Africa,Los Angeles,2024-03-27,Unknown Customer,2024-03-27
461,Lawrence Ibarra,wayala@example.com,NEW,North America,Berlin,2023-03-11,Lawrence Ibarra,2023-03-11
462,Nancy May,caseyelliott@example.com,VIP,Africa,Sao Paulo,2025-06-26,Nancy May,2025-06-26
463,Chelsey Martin,courtneyhernandez@example.com,REGULAR,North America,Paris,2024-02-06,Chelsey Martin,2024-02-06
464,Robert Parks,christophergarcia@example.com,VIP,Middle East,Paris,2026-04-06,Robert Parks,2026-04-06
465,Karen Lawrence,sylvia52@example.com,REGULAR,South America,Houston,2024-03-28,Karen Lawrence,2024-03-28
466,John Newman,kimberly04@example.com,VIP,North America,Phoenix,2023-08-30,John Newman,2023-08-30
467,Jamie Lawson,dphillips@example.com,VIP,Asia Pacific,Mumbai,2023-05-30,Jamie Lawson,2023-05-30
468,Kristen Leon,pcruz@example.com,REGULAR,Middle East,Sao Paulo,2023-08-16,Kristen Leon,2023-08-16
469,Victor Wheeler,hatfieldsarah@example.com,VIP,Europe,Singapore,2024-11-07,Victor Wheeler,2024-11-07
470,David Valenciañ,rdiaz@example.com,NEW,South America,Berlin,2025-01-08,David Valenciañ,2025-01-08
471,Gerald Ruiz,smithcarlos@example.com,REGULAR,Asia Pacific,Sydney,2025-11-18,Gerald Ruiz,2025-11-18
472,Jose Williams,ohunter@example.com,NEW,North America,Paris,2022-11-11,Jose Williams,2022-11-11
473,Jennifer Wang,imiller@example.com,REGULAR,Africa,Paris,2024-05-29,Jennifer Wang,2024-05-29
474,Amanda Hernandez,christian32@example.com,NEW,Africa,Chicago,2022-12-17,Amanda Hernandez,2022-12-17
475,Amanda Myers,collinssamuel@example.com,REGULAR,North America,Tokyo,2025-04-21,Amanda Myers,2025-04-21
476,Stephanie Allen,middletondarren@example.com,NEW,Asia Pacific,Cape Town,2023-08-24,Stephanie Allen,2023-08-24
477,Cheryl Brown™,davidzimmerman@example.com,REGULAR,Africa,Mumbai,2025-06-09,Cheryl Brown™,2025-06-09
478,Jacqueline Martin,gary24@example.com,REGULAR,Europe,Dubai,2024-01-30,Jacqueline Martin,2024-01-30
479,Unknown Customer,rogersruben@example.com,NEW,Middle East,Phoenix,2026-06-07,Unknown Customer,2026-06-07
480,Alexandria Baker,crawfordwilliam@example.com,VIP,North America,Phoenix,2025-01-21,Alexandria Baker,2025-01-21
481,Brian Villarreal,eric19@example.com,VIP,South America,Mumbai,2023-04-26,Brian Villarreal,2023-04-26
482,Emily Wilson,williamsmichelle@example.com,PREMIUM,South America,Tokyo,2025-10-03,Emily Wilson,2025-10-03
483,John Ruiz,haroldhorne@example.com,NEW,Africa,Sydney,2024-03-26,John Ruiz,2024-03-26
484,Austin Pratt,pwalker@example.com,VIP,Europe,Berlin,2025-08-23,Austin Pratt,2025-08-23
485,Robert Cortez,duncandavid@example.com,NEW,Europe,Sydney,2023-10-05,Robert Cortez,2023-10-05
486,Emily Williams,finleycasey@example.com,NEW,Unknown,Berlin,2023-07-22,Emily Williams,2023-07-22
487,Steven Campbell,mark87@example.com,VIP,Asia Pacific,Mumbai,2026-03-14,Steven Campbell,2026-03-14
488,Alan Gonzalez,jodi37@example.com,REGULAR,Europe,Phoenix,2025-01-01,Alan Gonzalez,2025-01-01
489,Micheal Bonilla,jessicapayne@example.com,REGULAR,North America,New York,2025-11-22,Micheal Bonilla,2025-11-22
490,Laura Hernandez,ijohnson@example.com,REGULAR,Middle East,Singapore,2026-07-28,Laura Hernandez,2026-07-28
491,Michael Franco,tapiaaaron@example.com,VIP,South America,Chicago,2026-05-03,Michael Franco,2026-05-03
492,Diane Sweeney,dalton83@example.com,PREMIUM,Middle East,London,2025-09-12,Diane Sweeney,2025-09-12
493,Robert Woodward,christopher38@example.com,NEW,Europe,Berlin,2023-03-19,Robert Woodward,2023-03-19
494,Unknown Customer,carpenterwilliam@example.com,VIP,Asia Pacific,Dubai,2024-07-22,Unknown Customer,2024-07-22
495,Dana Foster,grahamtamara@example.com,VIP,Africa,London,2025-02-14,Dana Foster,2025-02-14
496,Joel Green,vhaynes@example.com,REGULAR,Middle East,Berlin,2023-12-12,Joel Green,2023-12-12
497,Mark Chavez,hardingderek@example.com,NEW,Middle East,Dubai,2023-08-07,Mark Chavez,2023-08-07
498,Kayla Rodriguez,shannonedwards@example.com,PREMIUM,South America,Houston,2023-01-21,Kayla Rodriguez,2023-01-21
499,David Howard,shannonford@example.com,NEW,Asia Pacific,London,2025-11-18,David Howard,2025-11-18
500,Melissa Davis,margaret90@example.com,PREMIUM,South America,Los Angeles,2026-01-15,Melissa Davis,2026-01-15
501,Jason Gates,dawsontanya@example.com,NEW,Middle East,New York,2023-03-28,Jason Gates,2023-03-28
502,Randy Williams,lori20@example.com,PREMIUM,Asia Pacific,Singapore,2023-11-17,Randy Williams,2023-11-17
503,Stephanie Bond,codygarcia@example.com,PREMIUM,Middle East,Tokyo,2024-12-20,Stephanie Bond,2024-12-20
504,Laura Martinez,davidcolon@example.com,REGULAR,South America,Phoenix,2022-11-13,Laura Martinez,2022-11-13
505,Nathan Mccoy,aguilarjonathan@example.com,NEW,South America,London,2025-05-07,Nathan Mccoy,2025-05-07
506,Lisa Johnson,rachelramos@example.com,REGULAR,North America,Phoenix,2022-11-18,Lisa Johnson,2022-11-18
507,David Stein,david70@example.com,NEW,Middle East,Los Angeles,2026-02-18,David Stein,2026-02-18
508,Gary Berry,ycrawford@example.com,NEW,Europe,Houston,2026-02-06,Gary Berry,2026-02-06
509,Felicia Thompson,joshuagriffin@example.com,REGULAR,Europe,Cape Town,2023-07-09,Felicia Thompson,2023-07-09
510,Edgar Mendez,deborahporter@example.com,NEW,Africa,Toronto,2025-03-25,Edgar Mendez,2025-03-25
511,Nicole Mendoza,patrick63@example.com,VIP,Middle East,Mumbai,2022-12-24,Nicole Mendoza,2022-12-24
512,Dawn Robles,mayokimberly@example.com,NEW,South America,Singapore,2023-09-01,Dawn Robles,2023-09-01
513,Michael Stephens,roberta85@example.com,PREMIUM,Africa,Berlin,2024-08-31,Michael Stephens,2024-08-31
514,Paul White,anthonycochran@example.com,NEW,Europe,Los Angeles,2023-12-18,Paul White,2023-12-18
515,Unknown Customer,katie32@example.com,NEW,North America,Berlin,2024-08-11,Unknown Customer,2024-08-11
516,Craig Sandoval,gallagherstacie@example.com,NEW,Middle East,Sydney,2023-09-28,Craig Sandoval,2023-09-28
517,Barbara Mcgrath,savannah22@example.com,NEW,Asia Pacific,Sydney,2024-04-04,Barbara Mcgrath,2024-04-04
518,Joel Stewart,robin05@example.com,PREMIUM,Unknown,New York,2025-09-29,Joel Stewart,2025-09-29
519,Stacey Elliott,marycochran@example.com,NEW,Asia Pacific,New York,2024-12-31,Stacey Elliott,2024-12-31
520,Unknown Customer,djohnson@example.com,VIP,Europe,Tokyo,2023-05-09,Unknown Customer,2023-05-09
521,Jesse Robinson,nsmith@example.com,REGULAR,Europe,Houston,2024-11-04,Jesse Robinson,2024-11-04
522,James Anderson,samantharichard@example.com,VIP,Middle East,Tokyo,2025-08-27,James Anderson,2025-08-27
523,Marcus Johnson,kimmathis@example.com,VIP,Asia Pacific,New York,2025-02-06,Marcus Johnson,2025-02-06
524,Michelle Yu,vwillis@example.com,PREMIUM,Africa,Toronto,2024-03-12,Michelle Yu,2024-03-12
525,Kevin Taylor,fconner@example.com,VIP,South America,Sao Paulo,2023-04-11,Kevin Taylor,2023-04-11
526,Debra Thompson,jeffrey92@example.com,VIP,South America,Tokyo,2024-12-30,Debra Thompson,2024-12-30
527,Nicholas Gross,gregorysmith@example.com,PREMIUM,South America,Tokyo,2023-11-10,Nicholas Gross,2023-11-10
528,Jacqueline Berry,whitelucas@example.com,PREMIUM,North America,Chicago,2026-03-23,Jacqueline Berry,2026-03-23
529,Lisa Carr,zunigadonald@example.com,REGULAR,Asia Pacific,Toronto,2025-04-29,Lisa Carr,2025-04-29
530,Julie Young,daisymccarty@example.com,NEW,South America,Tokyo,2023-12-19,Julie Young,2023-12-19
531,Lorraine Santiago,sean43@example.com,NEW,Asia Pacific,Los Angeles,2025-09-15,Lorraine Santiago,2025-09-15
532,John Jones,lebrandon@example.com,REGULAR,Africa,Toronto,2023-12-09,John Jones,2023-12-09
533,Samuel Barnes,ysnyder@example.com,VIP,South America,Berlin,2023-04-25,Samuel Barnes,2023-04-25
534,Michael Bennett,kkramer@example.com,NEW,South America,Mumbai,2026-02-17,Michael Bennett,2026-02-17
535,Debra Mcdaniel,cjones@example.com,PREMIUM,North America,Berlin,2023-04-19,Debra Mcdaniel,2023-04-19
536,Kenneth Flores,petersonpamela@example.com,PREMIUM,Asia Pacific,London,2023-01-19,Kenneth Flores,2023-01-19
537,Eugene Jones,morgantricia@example.com,VIP,Asia Pacific,Los Angeles,2026-06-05,Eugene Jones,2026-06-05
538,Patricia Bush,catherinehamilton@example.com,REGULAR,Asia Pacific,Tokyo,2024-06-10,Patricia Bush,2024-06-10
539,Brian Rivera,uterry@example.com,REGULAR,Asia Pacific,Paris,2023-06-01,Brian Rivera,2023-06-01
540,Sara Fernandez,kenneth10@example.com,VIP,Europe,Singapore,2025-06-01,Sara Fernandez,2025-06-01
541,Philip Dunn,briansmith@example.com,PREMIUM,South America,Toronto,2024-09-10,Philip Dunn,2024-09-10
542,Christopher Colon,bgonzalez@example.com,REGULAR,South America,Toronto,2025-04-07,Christopher Colon,2025-04-07
543,Jamie Little,tanthony@example.com,VIP,Asia Pacific,Mumbai,2022-12-15,Jamie Little,2022-12-15
544,Kristen Ruiz,christopher86@example.com,REGULAR,South America,Tokyo,2026-05-31,Kristen Ruiz,2026-05-31
545,Unknown Customer,seanbaker@example.com,REGULAR,Asia Pacific,New York,2024-03-05,Unknown Customer,2024-03-05
546,Steven Perez,hernandezheather@example.com,PREMIUM,North America,Sao Paulo,2023-10-01,Steven Perez,2023-10-01
547,Colin Barnett,larellano@example.com,PREMIUM,Middle East,New York,2026-01-16,Colin Barnett,2026-01-16
548,Jeremy Brown,rsheppard@example.com,VIP,Middle East,London,2024-04-02,Jeremy Brown,2024-04-02
549,Michelle Wells,thomasmiller@example.com,NEW,Middle East,Sydney,2026-05-10,Michelle Wells,2026-05-10
550,Raven Klein,davidtodd@example.com,VIP,Europe,Phoenix,2024-09-27,Raven Klein,2024-09-27
551,Gerald Joyce,davidhenderson@example.com,NEW,Middle East,Singapore,2023-07-05,Gerald Joyce,2023-07-05
552,Vanessa Graham,maryscott@example.com,REGULAR,Middle East,Cape Town,2026-02-07,Vanessa Graham,2026-02-07
553,Renee Sloan,hughesray@example.com,NEW,Asia Pacific,Chicago,2022-11-22,Renee Sloan,2022-11-22
554,Mark Hill,buchanancindy@example.com,VIP,Europe,Tokyo,2024-07-21,Mark Hill,2024-07-21
555,Alexandra Barnes,eddiematthews@example.com,NEW,Middle East,Singapore,2024-05-14,Alexandra Barnes,2024-05-14
556,Katherine Ayers,hartcraig@example.com,REGULAR,Europe,Dubai,2026-07-16,Katherine Ayers,2026-07-16
557,Justin Nichols,pbaker@example.com,VIP,Asia Pacific,Singapore,2024-01-26,Justin Nichols,2024-01-26
558,Todd Lynch,joshuathomas@example.com,PREMIUM,North America,Sao Paulo,2022-10-07,Todd Lynch,2022-10-07
559,Charlotte Steele,vpreston@example.com,NEW,North America,Berlin,2022-10-09,Charlotte Steele,2022-10-09
560,Hannah Williams,penny05@example.com,PREMIUM,Asia Pacific,Houston,2024-08-17,Hannah Williams,2024-08-17
561,Lisa Turner,rgarrison@example.com,VIP,Europe,Los Angeles,2023-10-19,Lisa Turner,2023-10-19
562,Corey Melton,terri75@example.com,VIP,South America,Los Angeles,2023-03-06,Corey Melton,2023-03-06
563,Joseph Butler,lopezjason@example.com,VIP,North America,Tokyo,2025-05-08,Joseph Butler,2025-05-08
565,Cameron Mckinney,kimberlywarren@example.com,VIP,Africa,Mumbai,2024-04-27,Cameron Mckinney,2024-04-27
566,Ashley Thompson,marywright@example.com,PREMIUM,Europe,Mumbai,2026-04-30,Ashley Thompson,2026-04-30
567,Stephen Hull,joshuacolon@example.com,VIP,Africa,Los Angeles,2025-08-08,Stephen Hull,2025-08-08
568,William Reid,allentracy@example.com,PREMIUM,Middle East,Mumbai,2023-02-18,William Reid,2023-02-18
569,Sean Horne,max41@example.com,PREMIUM,North America,Dubai,2024-08-16,Sean Horne,2024-08-16
570,Justin Hughes中,mercedesholland@example.com,PREMIUM,North America,Mumbai,2023-04-20,Justin Hughes中,2023-04-20
571,Erica Adams,hancocktammy@example.com,NEW,South America,Singapore,2024-05-07,Erica Adams,2024-05-07
572,Evelyn Wells,carolynsmith@example.com,VIP,North America,Chicago,2023-03-03,Evelyn Wells,2023-03-03
573,Unknown Customer,rodney65@example.com,REGULAR,Middle East,Sao Paulo,2023-11-27,Unknown Customer,2023-11-27
574,Stephen Robinson,asilva@example.com,VIP,South America,Chicago,2023-11-22,Stephen Robinson,2023-11-22
575,William Bates,anna99@example.com,NEW,Africa,Cape Town,2026-03-11,William Bates,2026-03-11
576,Justin Cohen,rogersjoshua@example.com,REGULAR,Europe,Paris,2024-08-27,Justin Cohen,2024-08-27
577,Mark Hill,jacob83@example.com,PREMIUM,South America,Berlin,2025-05-25,Mark Hill,2025-05-25
578,Rachel Trujillo,rguerrero@example.com,REGULAR,Africa,Dubai,2026-01-07,Rachel Trujillo,2026-01-07
579,Donald Johnson,jordan66@example.com,NEW,Middle East,London,2024-09-20,Donald Johnson,2024-09-20
580,Paul Johnson,matthewreeves@example.com,VIP,Europe,Cape Town,2025-08-13,Paul Johnson,2025-08-13
581,Gina Little,william28@example.com,NEW,Middle East,Tokyo,2024-08-18,Gina Little,2024-08-18
582,Howard Davis✓,jessica82@example.com,VIP,Unknown,Sydney,2023-02-24,Howard Davis✓,2023-02-24
583,Stacey Lam,walkerjeffrey@example.com,VIP,Middle East,Phoenix,2025-05-22,Stacey Lam,2025-05-22
584,Monica Fisher,nathan94@example.com,PREMIUM,South America,Sydney,2026-05-18,Monica Fisher,2026-05-18
585,Steven Wilson,kennedyjames@example.com,VIP,Asia Pacific,Houston,2022-11-01,Steven Wilson,2022-11-01
586,David Becker,robert22@example.com,REGULAR,North America,Toronto,2024-11-10,David Becker,2024-11-10
587,Victoria Cooper,tthomas@example.com,PREMIUM,Africa,New York,2025-01-10,Victoria Cooper,2025-01-10
588,Henry Miller,lawrencebrown@example.com,PREMIUM,Europe,Berlin,2024-01-08,Henry Miller,2024-01-08
589,Shannon Clark,barbaramoore@example.com,REGULAR,South America,Sao Paulo,2025-11-23,Shannon Clark,2025-11-23
590,Kristen Chan,zschultz@example.com,NEW,Europe,Cape Town,2023-02-27,Kristen Chan,2023-02-27
591,Roy Woods,fergusonjessica@example.com,NEW,Asia Pacific,Paris,2022-08-17,Roy Woods,2022-08-17
592,Stephanie Mcclain,andrewsmith@example.com,VIP,Asia Pacific,Chicago,2025-10-28,Stephanie Mcclain,2025-10-28
593,Jessica Perez,larry16@example.com,VIP,Middle East,Sydney,2026-05-03,Jessica Perez,2026-05-03
594,Wesley Torres,evanskelly@example.com,PREMIUM,Asia Pacific,Paris,2022-11-19,Wesley Torres,2022-11-19
595,Jessica Carlson,ibarron@example.com,REGULAR,South America,Phoenix,2024-01-16,Jessica Carlson,2024-01-16
596,Matthew Valenzuela,frederickmeadows@example.com,NEW,Unknown,Paris,2024-02-19,Matthew Valenzuela,2024-02-19
597,Lisa Smith,jasonjohnson@example.com,PREMIUM,Africa,New York,2023-07-24,Lisa Smith,2023-07-24
598,William Martinez,brooksdanielle@example.com,REGULAR,Europe,Tokyo,2025-08-18,William Martinez,2025-08-18
599,Kelsey Dean,stanleydesiree@example.com,VIP,North America,Sao Paulo,2025-02-17,Kelsey Dean,2025-02-17
600,Andrew Norris,jjames@example.com,VIP,Asia Pacific,Chicago,2024-05-18,Andrew Norris,2024-05-18
601,Johnny Miles,turnerdorothy@example.com,REGULAR,North America,Sydney,2023-06-25,Johnny Miles,2023-06-25
602,Elaine Nelson,robertroach@example.com,VIP,Europe,Berlin,2025-03-07,Elaine Nelson,2025-03-07
603,William Williamson,glovertyler@example.com,VIP,Asia Pacific,New York,2023-10-23,William Williamson,2023-10-23
604,Chelsea Strickland,michaelortiz@example.com,NEW,Africa,Sao Paulo,2026-02-21,Chelsea Strickland,2026-02-21
605,Ethan Kelley,haleycastillo@example.com,NEW,South America,Cape Town,2026-06-24,Ethan Kelley,2026-06-24
606,Jimmy Smith,conleyelizabeth@example.com,PREMIUM,Africa,Paris,2022-12-26,Jimmy Smith,2022-12-26
607,Edward Davis,cummingscraig@example.com,PREMIUM,Asia Pacific,Phoenix,2024-10-12,Edward Davis,2024-10-12
608,Jonathan Hall,steven12@example.com,REGULAR,South America,Phoenix,2023-11-12,Jonathan Hall,2023-11-12
609,Morgan Phelps,ronald11@example.com,NEW,Europe,Tokyo,2024-02-20,Morgan Phelps,2024-02-20
610,Melissa Zamora,elizabethjackson@example.com,VIP,Middle East,Berlin,2022-08-25,Melissa Zamora,2022-08-25
611,Unknown Customer,natalie15@example.com,PREMIUM,Middle East,Singapore,2025-04-01,Unknown Customer,2025-04-01
612,Lisa White,rrivers@example.com,PREMIUM,South America,Los Angeles,2024-04-23,Lisa White,2024-04-23
613,Mary Vaughn,zbanks@example.com,PREMIUM,Africa,Paris,2024-08-21,Mary Vaughn,2024-08-21
614,Garrett Anderson,jarvismegan@example.com,NEW,Africa,Dubai,2025-09-11,Garrett Anderson,2025-09-11
615,Dale Pruitt,ywhite@example.com,NEW,Africa,Los Angeles,2024-08-28,Dale Pruitt,2024-08-28
616,Kimberly Carr,timothyfreeman@example.com,PREMIUM,Middle East,Los Angeles,2026-04-10,Kimberly Carr,2026-04-10
617,Paige Alexander,diana08@example.com,VIP,Asia Pacific,Sydney,2022-11-16,Paige Alexander,2022-11-16
618,Katrina Ray,tiffanysantiago@example.com,REGULAR,Africa,Phoenix,2025-01-03,Katrina Ray,2025-01-03
619,Matthew Mills,reynoldsjessica@example.com,PREMIUM,Asia Pacific,Dubai,2025-08-02,Matthew Mills,2025-08-02
620,Timothy Alvarado,jhernandez@example.com,REGULAR,Europe,London,2025-05-02,Timothy Alvarado,2025-05-02
621,Patricia Salazar,williamharrison@example.com,VIP,North America,Sao Paulo,2022-08-28,Patricia Salazar,2022-08-28
622,Tyler Martin,vflores@example.com,NEW,North America,Toronto,2025-10-20,Tyler Martin,2025-10-20
623,Tara Williams,ppowell@example.com,PREMIUM,Africa,Sydney,2023-07-21,Tara Williams,2023-07-21
624,Christian Wallace,fmiller@example.com,REGULAR,South America,New York,2025-01-16,Christian Wallace,2025-01-16
625,Sergio Wilson,garciarobert@example.com,REGULAR,Middle East,Berlin,2024-09-20,Sergio Wilson,2024-09-20
626,Angela Smith,pamela83@example.com,REGULAR,South America,Tokyo,2022-12-29,Angela Smith,2022-12-29
627,Diamond Bryant,marcia37@example.com,PREMIUM,North America,Los Angeles,2024-01-21,Diamond Bryant,2024-01-21
628,Martin Saunders,xmoran@example.com,VIP,North America,London,2025-02-26,Martin Saunders,2025-02-26
629,Jennifer Wilson,aaronkelly@example.com,PREMIUM,Asia Pacific,Mumbai,2025-11-01,Jennifer Wilson,2025-11-01
630,Cynthia Marsh,jacqueline02@example.com,NEW,North America,Chicago,2024-12-07,Cynthia Marsh,2024-12-07
631,Travis Underwood,nrodriguez@example.com,NEW,Middle East,Paris,2025-10-06,Travis Underwood,2025-10-06
632,James Martinez,ylewis@example.com,REGULAR,Asia Pacific,Sydney,2026-03-25,James Martinez,2026-03-25
633,James Morgan,owilliams@example.com,VIP,South America,Singapore,2025-10-29,James Morgan,2025-10-29
634,Mary Chapman,lellis@example.com,PREMIUM,Africa,Unknown,2025-11-21,Mary Chapman,2025-11-21
635,Stephanie Taylor,morenobrandon@example.com,NEW,Asia Pacific,Unknown,2024-09-22,Stephanie Taylor,2024-09-22
636,Savannah Roberson,heatherthompson@example.com,VIP,North America,Toronto,2024-08-29,Savannah Roberson,2024-08-29
637,Lisa Garcia,william66@example.com,PREMIUM,South America,Toronto,2025-05-27,Lisa Garcia,2025-05-27
638,Tiffany Moon,joshuastuart@example.com,PREMIUM,Asia Pacific,Dubai,2025-11-06,Tiffany Moon,2025-11-06
639,Tara Chavez,robertgraves@example.com,NEW,Africa,Sydney,2023-03-05,Tara Chavez,2023-03-05
640,Kaitlyn Evansñ,jennifer83@example.com,VIP,North America,Tokyo,2025-08-03,Kaitlyn Evansñ,2025-08-03
641,James Weber,samantha22@example.com,PREMIUM,Middle East,London,2023-11-04,James Weber,2023-11-04
642,William Benson,hodgesanna@example.com,VIP,Africa,Singapore,2023-12-23,William Benson,2023-12-23
643,Brandi Bender,icraig@example.com,VIP,South America,Los Angeles,2025-08-17,Brandi Bender,2025-08-17
644,Justin Boone,millsanthony@example.com,NEW,Middle East,Toronto,2026-01-16,Justin Boone,2026-01-16
645,Dustin Santiago,karen24@example.com,PREMIUM,North America,Phoenix,2023-06-16,Dustin Santiago,2023-06-16
646,Frances Thomas,james80@example.com,REGULAR,North America,Los Angeles,2022-11-14,Frances Thomas,2022-11-14
647,Michael Chavez,juliahoffman@example.com,VIP,North America,Sydney,2025-03-24,Michael Chavez,2025-03-24
648,John Mueller,heather06@example.com,VIP,Asia Pacific,Tokyo,2026-01-01,John Mueller,2026-01-01
649,Paul Frye,tammy00@example.com,PREMIUM,Middle East,Toronto,2025-07-09,Paul Frye,2025-07-09
650,Julia Harris,ogreer@example.com,PREMIUM,North America,Toronto,2026-04-20,Julia Harris,2026-04-20
651,Janet Holland,kimberlybrandt@example.com,NEW,North America,Sao Paulo,2025-10-26,Janet Holland,2025-10-26
652,Kelly Thompson,lopezglenn@example.com,NEW,Middle East,Toronto,2025-07-05,Kelly Thompson,2025-07-05
653,Willie Bennett,angela22@example.com,NEW,Middle East,Dubai,2024-06-05,Willie Bennett,2024-06-05
654,Brandy Scott,jmckinney@example.com,NEW,South America,Phoenix,2024-01-05,Brandy Scott,2024-01-05
655,Bill Mcfarland,ayalacolleen@example.com,VIP,Europe,New York,2025-02-22,Bill Mcfarland,2025-02-22
656,Megan Turner,charles58@example.com,VIP,Europe,Phoenix,2025-12-19,Megan Turner,2025-12-19
657,Jeffrey White,robertherrera@example.com,REGULAR,Europe,Sao Paulo,2022-11-23,Jeffrey White,2022-11-23
658,Christopher Walker,mark43@example.com,NEW,Asia Pacific,Paris,2023-07-07,Christopher Walker,2023-07-07
659,Stephanie Montgomery,wilsonmichael@example.com,VIP,Middle East,London,2024-08-16,Stephanie Montgomery,2024-08-16
661,Manuel Moon,uscott@example.com,NEW,North America,Sao Paulo,2023-02-02,Manuel Moon,2023-02-02
662,Unknown Customer,willie87@example.com,REGULAR,South America,Dubai,2026-02-07,Unknown Customer,2026-02-07
664,Cody Bonilla,simsjason@example.com,REGULAR,Middle East,Sao Paulo,2025-11-23,Cody Bonilla,2025-11-23
665,Crystal Lewis,nhouston@example.com,REGULAR,Africa,Mumbai,2025-07-09,Crystal Lewis,2025-07-09
666,Amanda Park,elucas@example.com,VIP,Africa,Sao Paulo,2025-10-04,Amanda Park,2025-10-04
667,Julie Hernandez,benjamin10@example.com,NEW,Europe,Phoenix,2024-07-23,Julie Hernandez,2024-07-23
668,Gregory King✓,rhondarussell@example.com,PREMIUM,Africa,Cape Town,2022-11-27,Gregory King✓,2022-11-27
669,Shannon Sullivan,pricedavid@example.com,NEW,Africa,Cape Town,2023-12-14,Shannon Sullivan,2023-12-14
670,Adam Cortez,haynescharles@example.com,NEW,Europe,Cape Town,2022-11-16,Adam Cortez,2022-11-16
671,Sarah Rodriguez,catherine47@example.com,VIP,Asia Pacific,Unknown,2025-12-14,Sarah Rodriguez,2025-12-14
672,Patrick Short,omoore@example.com,REGULAR,South America,Tokyo,2022-09-26,Patrick Short,2022-09-26
673,Derek Myers,susan24@example.com,NEW,Africa,Chicago,2025-12-30,Derek Myers,2025-12-30
674,Erica Sloan,susan08@example.com,VIP,Middle East,Singapore,2025-12-27,Erica Sloan,2025-12-27
676,Amy Miller,jason82@example.com,VIP,North America,London,2023-07-02,Amy Miller,2023-07-02
677,Eugene Walker,james29@example.com,REGULAR,Europe,Phoenix,2026-02-26,Eugene Walker,2026-02-26
678,Melissa York,enewman@example.com,VIP,Europe,New York,2026-07-28,Melissa York,2026-07-28
679,Kelly Jones,jessicafreeman@example.com,NEW,Europe,Tokyo,2023-01-09,Kelly Jones,2023-01-09
680,Mark Anderson,craigharvey@example.com,REGULAR,Europe,Phoenix,2025-05-24,Mark Anderson,2025-05-24
681,Rachel Stewart,christina49@example.com,NEW,Asia Pacific,Dubai,2024-07-10,Rachel Stewart,2024-07-10
682,Elijah Knight,susan20@example.com,REGULAR,Africa,Houston,2026-01-15,Elijah Knight,2026-01-15
683,Lawrence Floyd,xhill@example.com,PREMIUM,Asia Pacific,Sao Paulo,2025-08-20,Lawrence Floyd,2025-08-20
684,Dennis Quinn😀,wford@example.com,NEW,Africa,Los Angeles,2026-05-04,Dennis Quinn😀,2026-05-04
685,Kim Tucker,debbiemiller@example.com,VIP,Europe,Houston,2023-01-26,Kim Tucker,2023-01-26
686,Juan Serrano,josemercado@example.com,PREMIUM,Africa,Paris,2026-05-25,Juan Serrano,2026-05-25
687,Charles Jones,hessbeth@example.com,REGULAR,Unknown,Cape Town,2022-09-07,Charles Jones,2022-09-07
688,Kayla Lewis,amy87@example.com,VIP,Europe,New York,2022-10-05,Kayla Lewis,2022-10-05
689,Desiree Hernandez,patricialawrence@example.com,PREMIUM,Middle East,Houston,2024-04-10,Desiree Hernandez,2024-04-10
690,Mercedes Anderson,sanderswayne@example.com,PREMIUM,North America,Tokyo,2024-09-26,Mercedes Anderson,2024-09-26
691,Elaine Charles,katherinetaylor@example.com,NEW,Africa,Toronto,2026-01-13,Elaine Charles,2026-01-13
692,Erik Knight,jillwebb@example.com,NEW,Europe,Tokyo,2025-01-04,Erik Knight,2025-01-04
693,Michael Robinson,bryanwood@example.com,PREMIUM,Middle East,Singapore,2024-09-05,Michael Robinson,2024-09-05
694,Brad Clark,paul70@example.com,REGULAR,Asia Pacific,Unknown,2026-06-20,Brad Clark,2026-06-20
695,Bill Wong😀,mary49@example.com,PREMIUM,Africa,Los Angeles,2023-01-17,Bill Wong😀,2023-01-17
696,Amy Thompson,pdiaz@example.com,REGULAR,Middle East,Singapore,2025-05-21,Amy Thompson,2025-05-21
697,Rachel Miller,okaufman@example.com,REGULAR,Middle East,Sao Paulo,2023-09-04,Rachel Miller,2023-09-04
698,Zachary Gomez,tommy79@example.com,VIP,Europe,Sao Paulo,2026-04-18,Zachary Gomez,2026-04-18
699,Adam Macias,jerryrobertson@example.com,VIP,North America,Sydney,2024-06-23,Adam Macias,2024-06-23
700,Juan Hernandez,carolyn13@example.com,NEW,North America,Mumbai,2023-04-11,Juan Hernandez,2023-04-11
701,Robert Rivera,eleonard@example.com,REGULAR,South America,Berlin,2023-02-02,Robert Rivera,2023-02-02
702,Jason Martin,cjohnson@example.com,NEW,Unknown,Los Angeles,2026-02-24,Jason Martin,2026-02-24
703,David Vargas,macdonalddylan@example.com,PREMIUM,Africa,Unknown,2023-03-07,David Vargas,2023-03-07
704,Gabriel Nielsen,kgreene@example.com,REGULAR,South America,Phoenix,2024-10-20,Gabriel Nielsen,2024-10-20
705,Dana Johns,stacey37@example.com,PREMIUM,Middle East,Houston,2025-09-13,Dana Johns,2025-09-13
706,Catherine Ruiz,jeffreyjenkins@example.com,PREMIUM,Asia Pacific,Sao Paulo,2024-08-27,Catherine Ruiz,2024-08-27
707,Douglas Aguilar,cindydixon@example.com,PREMIUM,North America,Toronto,2025-11-14,Douglas Aguilar,2025-11-14
708,Gary Jennings,ecarlson@example.com,VIP,Middle East,Berlin,2026-07-12,Gary Jennings,2026-07-12
709,Jerry Cruz,harrismichele@example.com,PREMIUM,North America,Unknown,2023-01-25,Jerry Cruz,2023-01-25
710,William Barnes,thompsonrachel@example.com,NEW,Africa,Singapore,2023-03-30,William Barnes,2023-03-30
711,Carol Rich,davisdonna@example.com,NEW,South America,Los Angeles,2024-11-12,Carol Rich,2024-11-12
712,Rachel Ryan,xboyd@example.com,VIP,Europe,Berlin,2022-08-11,Rachel Ryan,2022-08-11
713,Nancy Wolfe,shawnaolson@example.com,PREMIUM,Asia Pacific,Paris,2024-06-06,Nancy Wolfe,2024-06-06
714,Kayla Bell,colemanjonathan@example.com,NEW,Asia Pacific,Los Angeles,2026-01-10,Kayla Bell,2026-01-10
715,Katie Kent,carmen86@example.com,NEW,North America,Los Angeles,2022-12-18,Katie Kent,2022-12-18
716,Jonathan Smith,lanedavid@example.com,REGULAR,North America,Dubai,2025-10-08,Jonathan Smith,2025-10-08
717,Adrian Pena,robert12@example.com,VIP,South America,Toronto,2025-07-13,Adrian Pena,2025-07-13
718,Ronald Richards,ncunningham@example.com,PREMIUM,North America,Singapore,2023-09-19,Ronald Richards,2023-09-19
719,Joshua Becker,robertbowers@example.com,PREMIUM,Asia Pacific,Dubai,2025-10-25,Joshua Becker,2025-10-25
720,Timothy Wood,tking@example.com,PREMIUM,North America,Los Angeles,2024-12-19,Timothy Wood,2024-12-19
721,Becky Schroeder,melissahopkins@example.com,VIP,South America,London,2024-04-19,Becky Schroeder,2024-04-19
722,Julie Griffin,craigromero@example.com,PREMIUM,North America,Singapore,2025-07-31,Julie Griffin,2025-07-31
723,Kristi Owen,martintamara@example.com,REGULAR,Africa,Berlin,2025-03-20,Kristi Owen,2025-03-20
724,Adam Davis,bfrost@example.com,PREMIUM,Middle East,Cape Town,2023-03-23,Adam Davis,2023-03-23
725,Christopher Baker,lynchjenny@example.com,REGULAR,Asia Pacific,Singapore,2024-03-08,Christopher Baker,2024-03-08
726,Sarah Morales,jennifer90@example.com,REGULAR,Africa,Paris,2025-05-25,Sarah Morales,2025-05-25
727,Sonya Wilkins,mgonzales@example.com,NEW,Africa,Dubai,2025-04-30,Sonya Wilkins,2025-04-30
728,Melissa Galvan,james98@example.com,NEW,South America,Mumbai,2024-10-22,Melissa Galvan,2024-10-22
729,Zachary Hall,warddiana@example.com,VIP,Middle East,Tokyo,2023-04-30,Zachary Hall,2023-04-30
730,Theresa Miller,zgomez@example.com,REGULAR,Middle East,Los Angeles,2023-10-12,Theresa Miller,2023-10-12
731,Richard Gonzalez,calhounandrea@example.com,NEW,Europe,Los Angeles,2022-09-02,Richard Gonzalez,2022-09-02
732,Jessica Hansen,michael43@example.com,PREMIUM,South America,Berlin,2025-01-31,Jessica Hansen,2025-01-31
733,Catherine Lee,qandrews@example.com,PREMIUM,Africa,Toronto,2026-07-24,Catherine Lee,2026-07-24
734,Gregory Hunter,gordonmatthew@example.com,REGULAR,Europe,Singapore,2024-12-24,Gregory Hunter,2024-12-24
735,Daryl Palmer,heather69@example.com,VIP,Asia Pacific,Chicago,2023-09-14,Daryl Palmer,2023-09-14
736,Timothy Sanchez,lmaldonado@example.com,REGULAR,North America,Houston,2024-01-19,Timothy Sanchez,2024-01-19
737,Michelle Olson,reyeskristina@example.com,REGULAR,Europe,Phoenix,2023-09-14,Michelle Olson,2023-09-14
738,Jeffrey Haynes,robert58@example.com,PREMIUM,North America,Toronto,2026-01-04,Jeffrey Haynes,2026-01-04
739,Amanda Haynes,justinross@example.com,NEW,Asia Pacific,Phoenix,2023-09-23,Amanda Haynes,2023-09-23
740,Kaitlyn Peterson,thomasgomez@example.com,VIP,Europe,Los Angeles,2024-12-18,Kaitlyn Peterson,2024-12-18
741,Patricia Adams,victorgonzalez@example.com,PREMIUM,Africa,London,2025-10-12,Patricia Adams,2025-10-12
742,Jill Salas,jameswright@example.com,PREMIUM,South America,Los Angeles,2023-06-27,Jill Salas,2023-06-27
743,Christine Moore,moraemma@example.com,PREMIUM,Middle East,Toronto,2023-01-22,Christine Moore,2023-01-22
744,Elizabeth Austin,charlesnathan@example.com,VIP,North America,Sao Paulo,2025-11-09,Elizabeth Austin,2025-11-09
745,Leslie Villanueva,travis84@example.com,PREMIUM,North America,Toronto,2026-05-09,Leslie Villanueva,2026-05-09
746,Raymond Christensen,foxrodney@example.com,PREMIUM,Middle East,Dubai,2023-02-25,Raymond Christensen,2023-02-25
747,Sheila Johnson,xdalton@example.com,REGULAR,Europe,Berlin,2024-01-31,Sheila Johnson,2024-01-31
748,Gregory Bray,astewart@example.com,PREMIUM,Europe,Chicago,2025-07-29,Gregory Bray,2025-07-29
749,Alexander Clark,nguyenchloe@example.com,NEW,South America,Los Angeles,2025-01-28,Alexander Clark,2025-01-28
750,Jordan Dunn,thomas95@example.com,VIP,Asia Pacific,Sydney,2023-08-13,Jordan Dunn,2023-08-13
751,Michael Jimenez,xhaynes@example.com,PREMIUM,Africa,Cape Town,2023-07-03,Michael Jimenez,2023-07-03
752,Michael Morales,ashleykrause@example.com,NEW,Africa,Phoenix,2024-07-10,Michael Morales,2024-07-10
753,Gina Olsen,linda86@example.com,VIP,North America,Sao Paulo,2025-09-02,Gina Olsen,2025-09-02
754,Melissa Gonzalez,thomassmith@example.com,NEW,Africa,Phoenix,2026-01-03,Melissa Gonzalez,2026-01-03
755,Robert Taylor,kristen44@example.com,VIP,Middle East,Dubai,2026-05-28,Robert Taylor,2026-05-28
756,Anna Bradley,vaughnbrian@example.com,NEW,North America,Sydney,2024-04-19,Anna Bradley,2024-04-19
757,Lisa Woods,colematthew@example.com,REGULAR,Europe,Chicago,2025-04-14,Lisa Woods,2025-04-14
758,Michael Castro,maurice61@example.com,VIP,Africa,Houston,2026-07-27,Michael Castro,2026-07-27
759,Unknown Customer,barbarasantos@example.com,PREMIUM,Europe,Phoenix,2025-03-07,Unknown Customer,2025-03-07
761,Kim Griffin,daustin@example.com,PREMIUM,Middle East,Toronto,2022-12-09,Kim Griffin,2022-12-09
762,Crystal Thomas,robert99@example.com,VIP,North America,Mumbai,2023-04-27,Crystal Thomas,2023-04-27
763,Richard Meadows,matthewedwards@example.com,VIP,South America,Phoenix,2022-12-10,Richard Meadows,2022-12-10
764,Denise Page,cnelson@example.com,REGULAR,Asia Pacific,Chicago,2025-03-07,Denise Page,2025-03-07
765,Kimberly Mcmillan,lgutierrez@example.com,PREMIUM,Asia Pacific,Toronto,2025-10-14,Kimberly Mcmillan,2025-10-14
766,Melissa Martinez,shelby13@example.com,PREMIUM,Africa,Berlin,2023-08-09,Melissa Martinez,2023-08-09
767,Garrett Garcia,bkelley@example.com,REGULAR,North America,Unknown,2022-11-17,Garrett Garcia,2022-11-17
768,Kelli Warren,bakereric@example.com,REGULAR,Europe,New York,2022-12-17,Kelli Warren,2022-12-17
769,Diana Mcclure,johnmitchell@example.com,PREMIUM,South America,New York,2023-12-03,Diana Mcclure,2023-12-03
770,Courtney Anderson,anthonyalvarado@example.com,VIP,Europe,Berlin,2026-03-04,Courtney Anderson,2026-03-04
771,Michelle Nguyen,iproctor@example.com,PREMIUM,Africa,Sydney,2024-08-18,Michelle Nguyen,2024-08-18
772,Sarah Dunn,brittanybryant@example.com,NEW,Europe,London,2023-03-07,Sarah Dunn,2023-03-07
773,Kaitlyn Wiley,regina78@example.com,NEW,Asia Pacific,Berlin,2024-06-15,Kaitlyn Wiley,2024-06-15
774,Jeremy Davis,robert24@example.com,PREMIUM,Asia Pacific,Sydney,2023-12-01,Jeremy Davis,2023-12-01
775,Alex Mills,mauriceharrison@example.com,VIP,Asia Pacific,Sydney,2025-10-30,Alex Mills,2025-10-30
776,Alan Weeks,xevans@example.com,NEW,South America,Singapore,2025-10-26,Alan Weeks,2025-10-26
777,Russell Carter,kelleyjacob@example.com,NEW,Asia Pacific,Chicago,2023-08-04,Russell Carter,2023-08-04
778,Nicole Kim,jenniferbrewer@example.com,PREMIUM,North America,Paris,2023-09-02,Nicole Kim,2023-09-02
779,Maria Walker,hgarrett@example.com,NEW,Africa,Tokyo,2022-12-11,Maria Walker,2022-12-11
780,Kathy Kent,justin84@example.com,NEW,Asia Pacific,Phoenix,2026-01-15,Kathy Kent,2026-01-15
781,Robert Castaneda,keithwalsh@example.com,PREMIUM,North America,Los Angeles,2023-05-20,Robert Castaneda,2023-05-20
782,Unknown Customer,blopez@example.com,VIP,South America,Houston,2025-04-03,Unknown Customer,2025-04-03
783,Edwin Booker,teresacampbell@example.com,NEW,South America,Singapore,2022-09-13,Edwin Booker,2022-09-13
784,David Gonzales,christophersmith@example.com,REGULAR,North America,Houston,2022-08-22,David Gonzales,2022-08-22
785,Jeff Fisher,dbolton@example.com,REGULAR,South America,Sydney,2025-12-12,Jeff Fisher,2025-12-12
786,Heidi Johnson,brianrowe@example.com,NEW,Asia Pacific,Singapore,2022-12-12,Heidi Johnson,2022-12-12
787,Charles Harrison,lisa01@example.com,PREMIUM,Middle East,Tokyo,2023-06-04,Charles Harrison,2023-06-04
788,Theresa Espinoza,cwright@example.com,VIP,Europe,Los Angeles,2024-03-29,Theresa Espinoza,2024-03-29
789,James Moss,thomasmaldonado@example.com,VIP,Asia Pacific,Mumbai,2023-01-02,James Moss,2023-01-02
790,Unknown Customer,garnerandrea@example.com,VIP,Middle East,Chicago,2025-04-13,Unknown Customer,2025-04-13
791,David Olson,michaelwilliams@example.com,REGULAR,Asia Pacific,Cape Town,2023-11-17,David Olson,2023-11-17
792,Elizabeth Mcpherson,knguyen@example.com,REGULAR,Europe,Sao Paulo,2023-08-11,Elizabeth Mcpherson,2023-08-11
793,Laura Richards,albertwilliams@example.com,PREMIUM,Europe,Toronto,2024-04-15,Laura Richards,2024-04-15
794,Kristen Alvarez,nathandavis@example.com,REGULAR,Middle East,Tokyo,2025-02-21,Kristen Alvarez,2025-02-21
795,Eric Davis,sarah00@example.com,REGULAR,Africa,Houston,2025-03-28,Eric Davis,2025-03-28
796,Michael Moore,martinezjesse@example.com,NEW,South America,Chicago,2024-11-20,Michael Moore,2024-11-20
797,Tina Kramer,linda73@example.com,VIP,South America,Tokyo,2025-10-28,Tina Kramer,2025-10-28
798,Andrew Gray,johnwilliams@example.com,REGULAR,Africa,London,2025-09-08,Andrew Gray,2025-09-08
800,Unknown Customer,mikayla98@example.com,PREMIUM,South America,Sydney,2024-08-06,Unknown Customer,2024-08-06
